source_type,source_row,text
course_master,0,"Course Code: UCOR103
Course Title: Communication Skills
Prerequisite: NIL
Material Prerequisite Conflict: False"
course_master,1,"Course Code: UCOR203
Course Title: Leadership and Teamwork Skills
Prerequisite: NIL
Material Prerequisite Conflict: False"
course_master,2,"Course Code: UCOR205
Course Title: Socio Cultural Perspectives on Indian Life-SPIL
Prerequisite: NIL
Material Prerequisite Conflict: False"
course_master,3,"Course Code: UCOR210
Course Title: Critical Thinking
Prerequisite: NIL
Material Prerequisite Conflict: False"
course_master,4,"Course Code: UCOR104
Course Title: Problem Solving with Design Thinking
Prerequisite: NIL
Material Prerequisite Conflict: False"
course_master,5,"Course Code: UCOR701
Course Title: Community Engagement & Service Experience
Prerequisite: NIL
Material Prerequisite Conflict: False"
course_master,6,"Course Code: UCOR201
Course Title: Introduction to Epistemology
Prerequisite: NIL
Material Prerequisite Conflict: False"
course_master,7,"Course Code: UCOR102
Course Title: Introduction to writing
Prerequisite: NIL
Material Prerequisite Conflict: False"
course_master,8,"Course Code: UCOR106
Course Title: Learning to Learn
Prerequisite: NIL
Material Prerequisite Conflict: False"
course_master,9,"Course Code: MATH201
Course Title: Calculus
Prerequisite: NIL
Material Prerequisite Conflict: False"
course_master,10,"Course Code: MATH202
Course Title: Probability Theory
Prerequisite: NIL
Material Prerequisite Conflict: False"
course_master,11,"Course Code: MTSC781
Course Title: Sustainable Cities and Communities
Prerequisite: NIL
Material Prerequisite Conflict: False"
course_master,12,"Course Code: SLAD206
Course Title: Human Values in Work and Life
Prerequisite: NIL
Material Prerequisite Conflict: False"
course_master,13,"Course Code: LANG101
Course Title: Language
Prerequisite: NIL
Material Prerequisite Conflict: False"
course_master,14,"Course Code: COMP132
Course Title: Design Workshop
Prerequisite: NIL
Material Prerequisite Conflict: False"
course_master,15,"Course Code: MTSC211
Course Title: Sustainable Smart Materials
Prerequisite: MTSC111
Material Prerequisite Conflict: False"
course_master,16,"Course Code: SLAD207
Course Title: Foundation Seminar
Prerequisite: NIL
Material Prerequisite Conflict: False"
course_master,17,"Course Code: MTSC111
Course Title: Materials for Smart Devices
Prerequisite: NIL
Material Prerequisite Conflict: False"
course_master,18,"Course Code: ENGL201
Course Title: Academic Writing
Prerequisite: UCOR102
Material Prerequisite Conflict: False"
course_master,19,"Course Code: MATH204
Course Title: Linear Algebra
Prerequisite: NIL
Material Prerequisite Conflict: False"
course_master,20,"Course Code: DATA131
Course Title: Visualizing Data for Story Telling
Prerequisite: NIL
Material Prerequisite Conflict: False"
course_master,21,"Course Code: PSYC101/ECON101
Course Title: Introduction to Psychology/Introduction to Economics
Prerequisite: NIL
Material Prerequisite Conflict: False"
course_master,22,"Course Code: DATA130
Course Title: Computational Thinking
Prerequisite: NIL
Material Prerequisite Conflict: False"
course_master,23,"Course Code: COMP201
Course Title: Data Structures
Prerequisite: NIL
Material Prerequisite Conflict: False"
course_master,24,"Course Code: COMP203
Course Title: Analysis of Algorithms
Prerequisite: COMP201
Material Prerequisite Conflict: False"
course_master,25,"Course Code: COMP205
Course Title: Object Oriented Programming
Prerequisite: NIL
Material Prerequisite Conflict: False"
course_master,26,"Course Code: COMP208
Course Title: Networks
Prerequisite: NIL
Material Prerequisite Conflict: False"
course_master,27,"Course Code: COMP302
Course Title: Internet of Things
Prerequisite: COMP132, COMP201, COMP206, COMP208, COMP301
Material Prerequisite Conflict: False"
course_master,28,"Course Code: MATH205
Course Title: Statistics with R
Prerequisite: MATH202
Material Prerequisite Conflict: False"
course_master,29,"Course Code: COMP202
Course Title: Theoretical Computer Science
Prerequisite: NIL
Material Prerequisite Conflict: False"
course_master,30,"Course Code: COMP204
Course Title: Digital Design and Computer Organization
Prerequisite: NIL
Material Prerequisite Conflict: False"
course_master,31,"Course Code: COMP207
Course Title: Operating Systems
Prerequisite: NIL
Material Prerequisite Conflict: False"
course_master,32,"Course Code: COMP206
Course Title: Microprocessors and Computer Architecture
Prerequisite: COMP204, COMP207
Material Prerequisite Conflict: False"
course_master,33,"Course Code: COMP301
Course Title: Artificial Intelligence
Prerequisite: NIL
Material Prerequisite Conflict: False"
course_master,34,"Course Code: COMP209
Course Title: Databases Management
Prerequisite: NIL
Material Prerequisite Conflict: False"
course_master,35,"Course Code: DATA201
Course Title: Foundations to Data Science
Prerequisite: NIL
Material Prerequisite Conflict: False"
course_master,36,"Course Code: DATA202
Course Title: Exploratory Data Analysis
Prerequisite: DATA201, MATH203
Material Prerequisite Conflict: False"
course_master,37,"Course Code: MATH301
Course Title: Optimization Techniques for Data Science
Prerequisite: MATH201
Material Prerequisite Conflict: True"
course_master,38,"Course Code: DATA301
Course Title: Machine Learning
Prerequisite: DATA202, MATH301
Material Prerequisite Conflict: True"
course_master,39,"Course Code: DATA302
Course Title: Deep Learning
Prerequisite: DATA301
Material Prerequisite Conflict: True"
course_master,40,"Course Code: DATA207
Course Title: Human Centric AI
Prerequisite: COMP210/COMP301
Material Prerequisite Conflict: False"
course_master,41,"Course Code: MATH401/COMP401
Course Title: SPT-Course #1-Probabilistic Graph Models LTP: 3-0-2 /Web Framework LTP: 2-0-4
Prerequisite: NIL/NIL
Material Prerequisite Conflict: False"
course_master,42,"Course Code: DATA402/DATA406
Course Title: SPT-Course #2 (Advanced Visualization and Storytelling/Big Data Framework)
Prerequisite: DATA301/NIL
Material Prerequisite Conflict: False"
course_master,43,"Course Code: DATA403/COMP402
Course Title: SPT-Course #3 (Natural Language Processing / Software Architecture and Deployments)
Prerequisite: DATA302/COMP205, COMP401
Material Prerequisite Conflict: False"
course_master,44,"Course Code: DATA404
Course Title: SPT-Course #4 (Multi Modal Learning / Cloud Computing)
Prerequisite: DATA302
Material Prerequisite Conflict: False"
course_master,45,"Course Code: DATA405
Course Title: SPT-Course #5 (Reinforcement Learning/ Cognitive Computing)
Prerequisite: MATH202,MATH204
Material Prerequisite Conflict: False"
course_master,46,"Course Code: DATA801
Course Title: Summer Training/Internship
Prerequisite: NIL
Material Prerequisite Conflict: False"
course_master,47,"Course Code: DATA802
Course Title: Interdisciplinary Project
Prerequisite: NIL
Material Prerequisite Conflict: False"
course_master,48,"Course Code: DATA803
Course Title: Capstone Project/Industrial Internship
Prerequisite: NIL
Material Prerequisite Conflict: False"
course_master,49,"Course Code: MATH207
Course Title: Research Methodology
Prerequisite: NIL
Material Prerequisite Conflict: False"
course_master,50,"Course Code: DATA303
Course Title: MLOps & Model Deployment
Prerequisite: DATA301, COMP208
Material Prerequisite Conflict: False"
course_master,51,"Course Code: DATA405/DATA406
Course Title: SPT-Course #2-Reinforcement Learning/Big Data Framework
Prerequisite: MATH202, MATH204/NIL
Material Prerequisite Conflict: False"
course_master,52,"Course Code: DATA403
Course Title: SPT-Course #3 (Natural Language Processing / Natural Language Processing)
Prerequisite: DATA302
Material Prerequisite Conflict: False"
course_master,53,"Course Code: DATA404/COMP402
Course Title: SPT-Course #4 (Multi Modal Learning/ Software Architecture and Deployments)
Prerequisite: DATA302/ COMP205, COMP401
Material Prerequisite Conflict: False"
course_master,54,"Course Code: DATA408/COMP405
Course Title: SPT-Course #5 Advanced Topics in Deep Learning LTP: 3-0-2/ Cloud &Cognitive Computing LTP: 2-0-4
Prerequisite: DATA302
Material Prerequisite Conflict: False"
course_master,55,"Course Code: UCOR105
Course Title: Communication and Leadership Skills
Prerequisite: NIL
Material Prerequisite Conflict: False"
course_master,56,"Course Code: UCOR310
Course Title: Critical Thinking
Prerequisite: NIL
Material Prerequisite Conflict: False"
course_master,57,"Course Code: LAWS101
Course Title: Fundamentals of Indian Constitution and Human Rights
Prerequisite: Nil
Material Prerequisite Conflict: False"
course_master,58,"Course Code: MATH203
Course Title: Probability and Statistics
Prerequisite: NIL
Material Prerequisite Conflict: False"
course_master,59,"Course Code: ENGL210
Course Title: Academic Writing
Prerequisite: UCOR102
Material Prerequisite Conflict: False"
course_master,60,"Course Code: COMP403
Course Title: Cloud Computing
Prerequisite: NIL
Material Prerequisite Conflict: False"
course_master,61,"Course Code: DATA103
Course Title: Programming in Python
Prerequisite: NIL
Material Prerequisite Conflict: False"
course_master,62,"Course Code: DATA132
Course Title: Data visualization and Storytelling
Prerequisite: DATA103
Material Prerequisite Conflict: False"
course_master,63,"Course Code: MATH206
Course Title: Advanced Statistical Analysis and Research Methods with R
Prerequisite: MATH203
Material Prerequisite Conflict: False"
course_master,64,"Course Code: DATA404/DATA406
Course Title: SPT-Course #2-Multi Modal Learning/Big Data Framework
Prerequisite: DATA302/NIL
Material Prerequisite Conflict: False"
course_master,65,"Course Code: DATA408/COMP402
Course Title: SPT-Course #4 (Advanced Topics in Deep Learning LTP: 3-0-2/ Software Architecture and Deployments LTP: 2-0-4)
Prerequisite: DATA302/ COMP205, COMP401
Material Prerequisite Conflict: False"
course_master,66,"Course Code: UCOR111
Course Title: Environmental Studies and Sustainability
Prerequisite: NIL
Material Prerequisite Conflict: False"
course_master,67,"Course Code: UCOR207
Course Title: Analytical Academic Writing
Prerequisite: NIL
Material Prerequisite Conflict: False"
course_master,68,"Course Code: UCOR215
Course Title: Humanistic Leadership Development
Prerequisite: NIL
Material Prerequisite Conflict: False"
course_master,69,"Course Code: MATH208
Course Title: Multivariate Calculus
Prerequisite: Nil
Material Prerequisite Conflict: False"
course_master,70,"Course Code: MATH209
Course Title: Linear Algebra
Prerequisite: NIL
Material Prerequisite Conflict: False"
course_master,71,"Course Code: TBA
Course Title: Language
Prerequisite: NIL
Material Prerequisite Conflict: False"
course_master,72,"Course Code: DATA209
Course Title: Advanced Exploratory Data Analysis
Prerequisite: DATA132, MATH203
Material Prerequisite Conflict: False"
course_master,73,"Course Code: TBA/COMP405
Course Title: SPT-Course #3 (Image Processing and Computer Vision/Cloud & Cognitive Computing)
Prerequisite: TBA/NIL
Material Prerequisite Conflict: False"
course_master,74,"Course Code: MGMT101
Course Title: Essentials of Business Management
Prerequisite: Nil
Material Prerequisite Conflict: False"
course_master,75,"Course Code: PSCY102/ECON105
Course Title: Introduction to Psychology/Principles of Economics
Prerequisite: NIL
Material Prerequisite Conflict: False"
course_master,76,"Course Code: UCOR107
Course Title: Communication Skills
Prerequisite: Nil
Material Prerequisite Conflict: False"
course_master,77,"Course Code: MATH210
Course Title: Advanced Statistical Analysis and Research Methods
Prerequisite: MATH203
Material Prerequisite Conflict: False"
course_master,78,"Course Code: COMP133
Course Title: Design Workshop
Prerequisite: Nil
Material Prerequisite Conflict: False"
course_master,79,"Course Code: COMP211
Course Title: Operating Systems
Prerequisite: Nil
Material Prerequisite Conflict: False"
course_master,80,"Course Code: PSYC105/ECON106
Course Title: Introduction to Psychology/Principles of Economics
Prerequisite: NIL
Material Prerequisite Conflict: False"
semester_offering,0,"Course Code: UCOR103
Course Title: Communication Skills
Semester: S1
Prerequisite: NIL
Credits: 2
Source Sheet: Sem Spread BTECH-2022
Source Row: 3"
semester_offering,1,"Course Code: UCOR203
Course Title: Leadership and Teamwork Skills
Semester: S2
Prerequisite: NIL
Credits: 2
Source Sheet: Sem Spread BTECH-2022
Source Row: 3"
semester_offering,2,"Course Code: UCOR205
Course Title: Socio Cultural Perspectives on Indian Life-SPIL
Semester: S3
Prerequisite: NIL
Credits: 3
Source Sheet: Sem Spread BTECH-2022
Source Row: 3"
semester_offering,3,"Course Code: UCOR210
Course Title: Critical Thinking
Semester: S4
Prerequisite: NIL
Credits: 2
Source Sheet: Sem Spread BTECH-2022
Source Row: 3"
semester_offering,4,"Course Code: UCOR104
Course Title: Problem Solving with Design Thinking
Semester: S1
Prerequisite: NIL
Credits: 2
Source Sheet: Sem Spread BTECH-2022
Source Row: 4"
semester_offering,5,"Course Code: UCOR701
Course Title: Community Engagement & Service Experience
Semester: S2
Prerequisite: NIL
Credits: 1
Source Sheet: Sem Spread BTECH-2022
Source Row: 4"
semester_offering,6,"Course Code: UCOR201
Course Title: Introduction to Epistemology
Semester: S3
Prerequisite: NIL
Credits: 2
Source Sheet: Sem Spread BTECH-2022
Source Row: 4"
semester_offering,7,"Course Code: UCOR102
Course Title: Introduction to writing
Semester: S1
Prerequisite: NIL
Credits: 2
Source Sheet: Sem Spread BTECH-2022
Source Row: 5"
semester_offering,8,"Course Code: UCOR106
Course Title: Learning to Learn
Semester: S2
Prerequisite: NIL
Credits: 2
Source Sheet: Sem Spread BTECH-2022
Source Row: 5"
semester_offering,9,"Course Code: MATH201
Course Title: Calculus
Semester: S1
Prerequisite: NIL
Credits: 3
Source Sheet: Sem Spread BTECH-2022
Source Row: 7"
semester_offering,10,"Course Code: MATH202
Course Title: Probability Theory
Semester: S2
Prerequisite: NIL
Credits: 3
Source Sheet: Sem Spread BTECH-2022
Source Row: 7"
semester_offering,11,"Course Code: MTSC781
Course Title: Sustainable Cities and Communities
Semester: S3
Prerequisite: NIL
Credits: 3
Source Sheet: Sem Spread BTECH-2022
Source Row: 7"
semester_offering,12,"Course Code: SLAD206
Course Title: Human Values in Work and Life
Semester: S4
Prerequisite: NIL
Credits: 2
Source Sheet: Sem Spread BTECH-2022
Source Row: 7"
semester_offering,13,"Course Code: LANG101
Course Title: Language
Semester: S6
Prerequisite: NIL
Credits: 3
Source Sheet: Sem Spread BTECH-2022
Source Row: 7"
semester_offering,14,"Course Code: COMP132
Course Title: Design Workshop
Semester: S1
Prerequisite: NIL
Credits: 2
Source Sheet: Sem Spread BTECH-2022
Source Row: 8"
semester_offering,15,"Course Code: MTSC211
Course Title: Sustainable Smart Materials
Semester: S2
Prerequisite: MTSC111
Credits: 3
Source Sheet: Sem Spread BTECH-2022
Source Row: 8"
semester_offering,16,"Course Code: SLAD207
Course Title: Foundation Seminar
Semester: S4
Prerequisite: NIL
Credits: 1
Source Sheet: Sem Spread BTECH-2022
Source Row: 8"
semester_offering,17,"Course Code: MTSC111
Course Title: Materials for Smart Devices
Semester: S1
Prerequisite: NIL
Credits: 3
Source Sheet: Sem Spread BTECH-2022
Source Row: 9"
semester_offering,18,"Course Code: ENGL201
Course Title: Academic Writing
Semester: S2
Prerequisite: UCOR102
Credits: 3
Source Sheet: Sem Spread BTECH-2022
Source Row: 9"
semester_offering,19,"Course Code: MATH204
Course Title: Linear Algebra
Semester: S3
Prerequisite: NIL
Credits: 3
Source Sheet: Sem Spread BTECH-2022
Source Row: 9"
semester_offering,20,"Course Code: DATA131
Course Title: Visualizing Data for Story Telling
Semester: S1
Prerequisite: NIL
Credits: 2
Source Sheet: Sem Spread BTECH-2022
Source Row: 10"
semester_offering,21,"Course Code: PSYC101/ECON101
Course Title: Introduction to Psychology/Introduction to Economics
Semester: S1
Prerequisite: NIL
Credits: 3
Source Sheet: Sem Spread BTECH-2022
Source Row: 11"
semester_offering,22,"Course Code: DATA130
Course Title: Computational Thinking
Semester: S1
Prerequisite: NIL
Credits: 3
Source Sheet: Sem Spread BTECH-2022
Source Row: 12"
semester_offering,23,"Course Code: COMP201
Course Title: Data Structures
Semester: S2
Prerequisite: NIL
Credits: 4
Source Sheet: Sem Spread BTECH-2022
Source Row: 12"
semester_offering,24,"Course Code: COMP203
Course Title: Analysis of Algorithms
Semester: S3
Prerequisite: COMP201
Credits: 4
Source Sheet: Sem Spread BTECH-2022
Source Row: 12"
semester_offering,25,"Course Code: COMP205
Course Title: Object Oriented Programming
Semester: S4
Prerequisite: NIL
Credits: 3
Source Sheet: Sem Spread BTECH-2022
Source Row: 12"
semester_offering,26,"Course Code: COMP208
Course Title: Networks
Semester: S5
Prerequisite: NIL
Credits: 4
Source Sheet: Sem Spread BTECH-2022
Source Row: 12"
semester_offering,27,"Course Code: COMP302
Course Title: Internet of Things
Semester: S7
Prerequisite: COMP132, COMP201, COMP206, COMP208, COMP301
Credits: 2
Source Sheet: Sem Spread BTECH-2022
Source Row: 12"
semester_offering,28,"Course Code: MATH205
Course Title: Statistics with R
Semester: S2
Prerequisite: MATH202
Credits: 3
Source Sheet: Sem Spread BTECH-2022
Source Row: 13"
semester_offering,29,"Course Code: COMP202
Course Title: Theoretical Computer Science
Semester: S3
Prerequisite: NIL
Credits: 4
Source Sheet: Sem Spread BTECH-2022
Source Row: 13"
semester_offering,30,"Course Code: COMP204
Course Title: Digital Design and Computer Organization
Semester: S4
Prerequisite: NIL
Credits: 4
Source Sheet: Sem Spread BTECH-2022
Source Row: 13"
semester_offering,31,"Course Code: COMP207
Course Title: Operating Systems
Semester: S5
Prerequisite: NIL
Credits: 3
Source Sheet: Sem Spread BTECH-2022
Source Row: 13"
semester_offering,32,"Course Code: COMP206
Course Title: Microprocessors and Computer Architecture
Semester: S6
Prerequisite: COMP204, COMP207
Credits: 4
Source Sheet: Sem Spread BTECH-2022
Source Row: 13"
semester_offering,33,"Course Code: COMP301
Course Title: Artificial Intelligence
Semester: S4
Prerequisite: NIL
Credits: 4
Source Sheet: Sem Spread BTECH-2022
Source Row: 14"
semester_offering,34,"Course Code: COMP209
Course Title: Databases Management
Semester: S4
Prerequisite: NIL
Credits: 4
Source Sheet: Sem Spread BTECH-2022
Source Row: 15"
semester_offering,35,"Course Code: DATA201
Course Title: Foundations to Data Science
Semester: S2
Prerequisite: NIL
Credits: 3
Source Sheet: Sem Spread BTECH-2022
Source Row: 16"
semester_offering,36,"Course Code: DATA202
Course Title: Exploratory Data Analysis
Semester: S3
Prerequisite: DATA201, MATH203
Credits: 3
Source Sheet: Sem Spread BTECH-2022
Source Row: 16"
semester_offering,37,"Course Code: MATH301
Course Title: Optimization Techniques for Data Science
Semester: S4
Prerequisite: MATH201
Credits: 4
Source Sheet: Sem Spread BTECH-2022
Source Row: 16"
semester_offering,38,"Course Code: DATA301
Course Title: Machine Learning
Semester: S5
Prerequisite: DATA202, MATH301
Credits: 4
Source Sheet: Sem Spread BTECH-2022
Source Row: 16"
semester_offering,39,"Course Code: DATA302
Course Title: Deep Learning
Semester: S6
Prerequisite: DATA301
Credits: 4
Source Sheet: Sem Spread BTECH-2022
Source Row: 16"
semester_offering,40,"Course Code: DATA207
Course Title: Human Centric AI
Semester: S5
Prerequisite: COMP210/COMP301
Credits: 2
Source Sheet: Sem Spread BTECH-2022
Source Row: 17"
semester_offering,41,"Course Code: MATH401/COMP401
Course Title: SPT-Course #1-Probabilistic Graph Models LTP: 3-0-2 /Web Framework LTP: 2-0-4
Semester: S5
Prerequisite: NIL/NIL
Credits: 4
Source Sheet: Sem Spread BTECH-2022
Source Row: 18"
semester_offering,42,"Course Code: DATA402/DATA406
Course Title: SPT-Course #2 (Advanced Visualization and Storytelling/Big Data Framework)
Semester: S6
Prerequisite: DATA301/NIL
Credits: 4
Source Sheet: Sem Spread BTECH-2022
Source Row: 18"
semester_offering,43,"Course Code: DATA403/COMP402
Course Title: SPT-Course #3 (Natural Language Processing / Software Architecture and Deployments)
Semester: S7
Prerequisite: DATA302/COMP205, COMP401
Credits: 4
Source Sheet: Sem Spread BTECH-2022
Source Row: 18"
semester_offering,44,"Course Code: DATA404
Course Title: SPT-Course #4 (Multi Modal Learning / Cloud Computing)
Semester: S7
Prerequisite: DATA302
Credits: 4
Source Sheet: Sem Spread BTECH-2022
Source Row: 19"
semester_offering,45,"Course Code: DATA405
Course Title: SPT-Course #5 (Reinforcement Learning/ Cognitive Computing)
Semester: S7
Prerequisite: MATH202,MATH204
Credits: 4
Source Sheet: Sem Spread BTECH-2022
Source Row: 20"
semester_offering,46,"Course Code: DATA801
Course Title: Summer Training/Internship
Semester: S5
Prerequisite: NIL
Credits: 2
Source Sheet: Sem Spread BTECH-2022
Source Row: 22"
semester_offering,47,"Course Code: DATA802
Course Title: Interdisciplinary Project
Semester: S7
Prerequisite: NIL
Credits: 4
Source Sheet: Sem Spread BTECH-2022
Source Row: 22"
semester_offering,48,"Course Code: DATA803
Course Title: Capstone Project/Industrial Internship
Semester: S8
Prerequisite: NIL
Credits: 12
Source Sheet: Sem Spread BTECH-2022
Source Row: 22"
semester_offering,49,"Course Code: UCOR103
Course Title: Communication Skills
Semester: S1
Prerequisite: NIL
Credits: 2
Source Sheet: Sem_Spread_2023
Source Row: 3"
semester_offering,50,"Course Code: UCOR203
Course Title: Leadership and Teamwork Skills
Semester: S2
Prerequisite: NIL
Credits: 2
Source Sheet: Sem_Spread_2023
Source Row: 3"
semester_offering,51,"Course Code: UCOR205
Course Title: Socio Cultural Perspectives on Indian Life-SPIL
Semester: S3
Prerequisite: NIL
Credits: 3
Source Sheet: Sem_Spread_2023
Source Row: 3"
semester_offering,52,"Course Code: UCOR104
Course Title: Problem Solving with Design Thinking
Semester: S1
Prerequisite: NIL
Credits: 2
Source Sheet: Sem_Spread_2023
Source Row: 4"
semester_offering,53,"Course Code: UCOR701
Course Title: Community Engagement & Service Experience
Semester: S2
Prerequisite: NIL
Credits: 1
Source Sheet: Sem_Spread_2023
Source Row: 4"
semester_offering,54,"Course Code: UCOR102
Course Title: Introduction to writing
Semester: S1
Prerequisite: NIL
Credits: 2
Source Sheet: Sem_Spread_2023
Source Row: 5"
semester_offering,55,"Course Code: UCOR106
Course Title: Learning to Learn
Semester: S2
Prerequisite: NIL
Credits: 2
Source Sheet: Sem_Spread_2023
Source Row: 5"
semester_offering,56,"Course Code: UCOR201
Course Title: Introduction to Epistemology
Semester: S3
Prerequisite: NIL
Credits: 2
Source Sheet: Sem_Spread_2023
Source Row: 5"
semester_offering,57,"Course Code: UCOR210
Course Title: Critical Thinking
Semester: S4
Prerequisite: NIL
Credits: 2
Source Sheet: Sem_Spread_2023
Source Row: 5"
semester_offering,58,"Course Code: MATH202
Course Title: Probability Theory
Semester: S1
Prerequisite: NIL
Credits: 3
Source Sheet: Sem_Spread_2023
Source Row: 7"
semester_offering,59,"Course Code: MATH201
Course Title: Calculus
Semester: S2
Prerequisite: NIL
Credits: 3
Source Sheet: Sem_Spread_2023
Source Row: 7"
semester_offering,60,"Course Code: MTSC781
Course Title: Sustainable Cities and Communities
Semester: S3
Prerequisite: NIL
Credits: 3
Source Sheet: Sem_Spread_2023
Source Row: 7"
semester_offering,61,"Course Code: SLAD206
Course Title: Human Values in Work and Life
Semester: S4
Prerequisite: NIL
Credits: 2
Source Sheet: Sem_Spread_2023
Source Row: 7"
semester_offering,62,"Course Code: LANG101
Course Title: Language
Semester: S5
Prerequisite: NIL
Credits: 3
Source Sheet: Sem_Spread_2023
Source Row: 7"
semester_offering,63,"Course Code: COMP132
Course Title: Design Workshop
Semester: S1
Prerequisite: NIL
Credits: 2
Source Sheet: Sem_Spread_2023
Source Row: 8"
semester_offering,64,"Course Code: MTSC211
Course Title: Sustainable Smart Materials
Semester: S2
Prerequisite: MTSC111
Credits: 3
Source Sheet: Sem_Spread_2023
Source Row: 8"
semester_offering,65,"Course Code: MATH204
Course Title: Linear Algebra
Semester: S3
Prerequisite: NIL
Credits: 3
Source Sheet: Sem_Spread_2023
Source Row: 8"
semester_offering,66,"Course Code: SLAD207
Course Title: Foundation Seminar
Semester: S4
Prerequisite: NIL
Credits: 1
Source Sheet: Sem_Spread_2023
Source Row: 8"
semester_offering,67,"Course Code: MTSC111
Course Title: Materials for Smart Devices
Semester: S1
Prerequisite: NIL
Credits: 3
Source Sheet: Sem_Spread_2023
Source Row: 9"
semester_offering,68,"Course Code: ENGL201
Course Title: Academic Writing
Semester: S2
Prerequisite: UCOR102
Credits: 3
Source Sheet: Sem_Spread_2023
Source Row: 9"
semester_offering,69,"Course Code: PSYC101/ECON101
Course Title: Introduction to Psychology/Introduction to Economics
Semester: S1
Prerequisite: NIL
Credits: 3
Source Sheet: Sem_Spread_2023
Source Row: 10"
semester_offering,70,"Course Code: DATA131
Course Title: Visualizing Data for Story Telling
Semester: S1
Prerequisite: NIL
Credits: 2
Source Sheet: Sem_Spread_2023
Source Row: 11"
semester_offering,71,"Course Code: COMP201
Course Title: Data Structures
Semester: S2
Prerequisite: NIL
Credits: 4
Source Sheet: Sem_Spread_2023
Source Row: 12"
semester_offering,72,"Course Code: COMP203
Course Title: Analysis of Algorithms
Semester: S3
Prerequisite: COMP201
Credits: 4
Source Sheet: Sem_Spread_2023
Source Row: 12"
semester_offering,73,"Course Code: COMP209
Course Title: Databases Management
Semester: S4
Prerequisite: NIL
Credits: 4
Source Sheet: Sem_Spread_2023
Source Row: 12"
semester_offering,74,"Course Code: COMP208
Course Title: Networks
Semester: S5
Prerequisite: NIL
Credits: 4
Source Sheet: Sem_Spread_2023
Source Row: 12"
semester_offering,75,"Course Code: COMP302
Course Title: Internet of Things
Semester: S6
Prerequisite: COMP132, COMP201, COMP206, COMP208, COMP301
Credits: 2
Source Sheet: Sem_Spread_2023
Source Row: 12"
semester_offering,76,"Course Code: MATH205
Course Title: Statistics with R
Semester: S2
Prerequisite: MATH202
Credits: 3
Source Sheet: Sem_Spread_2023
Source Row: 13"
semester_offering,77,"Course Code: COMP202
Course Title: Theoretical Computer Science
Semester: S3
Prerequisite: NIL
Credits: 4
Source Sheet: Sem_Spread_2023
Source Row: 13"
semester_offering,78,"Course Code: COMP204
Course Title: Digital Design and Computer Organization
Semester: S4
Prerequisite: NIL
Credits: 4
Source Sheet: Sem_Spread_2023
Source Row: 13"
semester_offering,79,"Course Code: COMP207
Course Title: Operating Systems
Semester: S5
Prerequisite: NIL
Credits: 3
Source Sheet: Sem_Spread_2023
Source Row: 13"
semester_offering,80,"Course Code: MATH207
Course Title: Research Methodology
Semester: S3
Prerequisite: NIL
Credits: 3
Source Sheet: Sem_Spread_2023
Source Row: 14"
semester_offering,81,"Course Code: COMP301
Course Title: Artificial Intelligence
Semester: S4
Prerequisite: NIL
Credits: 4
Source Sheet: Sem_Spread_2023
Source Row: 14"
semester_offering,82,"Course Code: COMP206
Course Title: Microprocessors and Computer Architecture
Semester: S5
Prerequisite: COMP204, COMP207
Credits: 4
Source Sheet: Sem_Spread_2023
Source Row: 14"
semester_offering,83,"Course Code: COMP205
Course Title: Object Oriented Programming
Semester: S4
Prerequisite: NIL
Credits: 3
Source Sheet: Sem_Spread_2023
Source Row: 15"
semester_offering,84,"Course Code: DATA201
Course Title: Foundations to Data Science
Semester: S2
Prerequisite: NIL
Credits: 3
Source Sheet: Sem_Spread_2023
Source Row: 16"
semester_offering,85,"Course Code: DATA202
Course Title: Exploratory Data Analysis
Semester: S3
Prerequisite: DATA201, MATH203
Credits: 3
Source Sheet: Sem_Spread_2023
Source Row: 16"
semester_offering,86,"Course Code: MATH301
Course Title: Optimization Techniques for Data Science
Semester: S4
Prerequisite: MATH201
Credits: 4
Source Sheet: Sem_Spread_2023
Source Row: 16"
semester_offering,87,"Course Code: DATA301
Course Title: Machine Learning
Semester: S5
Prerequisite: DATA202, MATH301
Credits: 4
Source Sheet: Sem_Spread_2023
Source Row: 16"
semester_offering,88,"Course Code: DATA302
Course Title: Deep Learning
Semester: S6
Prerequisite: DATA301, MATH201
Credits: 4
Source Sheet: Sem_Spread_2023
Source Row: 16"
semester_offering,89,"Course Code: DATA303
Course Title: MLOps & Model Deployment
Semester: S6
Prerequisite: DATA301, COMP208
Credits: 2
Source Sheet: Sem_Spread_2023
Source Row: 17"
semester_offering,90,"Course Code: MATH401/COMP401
Course Title: SPT-Course #1-Probabilistic Graph Models LTP: 3-0-2 /Web Framework LTP: 2-0-4
Semester: S5
Prerequisite: NIL/NIL
Credits: 4
Source Sheet: Sem_Spread_2023
Source Row: 18"
semester_offering,91,"Course Code: DATA405/DATA406
Course Title: SPT-Course #2-Reinforcement Learning/Big Data Framework
Semester: S6
Prerequisite: MATH202, MATH204/NIL
Credits: 4
Source Sheet: Sem_Spread_2023
Source Row: 18"
semester_offering,92,"Course Code: DATA403
Course Title: SPT-Course #3 (Natural Language Processing / Natural Language Processing)
Semester: S7
Prerequisite: DATA302
Credits: 4
Source Sheet: Sem_Spread_2023
Source Row: 18"
semester_offering,93,"Course Code: DATA404/COMP402
Course Title: SPT-Course #4 (Multi Modal Learning/ Software Architecture and Deployments)
Semester: S7
Prerequisite: DATA302/ COMP205, COMP401
Credits: 4
Source Sheet: Sem_Spread_2023
Source Row: 19"
semester_offering,94,"Course Code: DATA408/COMP405
Course Title: SPT-Course #5 Advanced Topics in Deep Learning LTP: 3-0-2/ Cloud &Cognitive Computing LTP: 2-0-4
Semester: S7
Prerequisite: DATA302
Credits: 4
Source Sheet: Sem_Spread_2023
Source Row: 20"
semester_offering,95,"Course Code: DATA801
Course Title: Summer Training/Internship
Semester: S5
Prerequisite: NIL
Credits: 2
Source Sheet: Sem_Spread_2023
Source Row: 22"
semester_offering,96,"Course Code: DATA802
Course Title: Interdisciplinary Project
Semester: S7
Prerequisite: NIL
Credits: 4
Source Sheet: Sem_Spread_2023
Source Row: 22"
semester_offering,97,"Course Code: DATA803
Course Title: Capstone Project/Industrial Internship
Semester: S8
Prerequisite: NIL
Credits: 12
Source Sheet: Sem_Spread_2023
Source Row: 22"
semester_offering,98,"Course Code: UCOR106
Course Title: Learning to Learn
Semester: S1
Prerequisite: NIL
Credits: 2
Source Sheet: Sem_Spread_2024
Source Row: 3"
semester_offering,99,"Course Code: UCOR105
Course Title: Communication and Leadership Skills
Semester: S2
Prerequisite: NIL
Credits: 3
Source Sheet: Sem_Spread_2024
Source Row: 3"
semester_offering,100,"Course Code: UCOR205
Course Title: Socio Cultural Perspectives on Indian Life-SPIL
Semester: S3
Prerequisite: NIL
Credits: 3
Source Sheet: Sem_Spread_2024
Source Row: 3"
semester_offering,101,"Course Code: UCOR310
Course Title: Critical Thinking
Semester: S4
Prerequisite: NIL
Credits: 3
Source Sheet: Sem_Spread_2024
Source Row: 3"
semester_offering,102,"Course Code: UCOR104
Course Title: Problem Solving with Design Thinking
Semester: S1
Prerequisite: NIL
Credits: 2
Source Sheet: Sem_Spread_2024
Source Row: 4"
semester_offering,103,"Course Code: UCOR701
Course Title: Community Engagement & Service Experience
Semester: S2
Prerequisite: NIL
Credits: 1
Source Sheet: Sem_Spread_2024
Source Row: 4"
semester_offering,104,"Course Code: LAWS101
Course Title: Fundamentals of Indian Constitution and Human Rights
Semester: S3
Prerequisite: Nil
Credits: 2
Source Sheet: Sem_Spread_2024
Source Row: 4"
semester_offering,105,"Course Code: UCOR102
Course Title: Introduction to writing
Semester: S1
Prerequisite: NIL
Credits: 2
Source Sheet: Sem_Spread_2024
Source Row: 5"
semester_offering,106,"Course Code: MATH203
Course Title: Probability and Statistics
Semester: S1
Prerequisite: NIL
Credits: 4
Source Sheet: Sem_Spread_2024
Source Row: 7"
semester_offering,107,"Course Code: MATH201
Course Title: Calculus
Semester: S2
Prerequisite: NIL
Credits: 3
Source Sheet: Sem_Spread_2024
Source Row: 7"
semester_offering,108,"Course Code: MTSC781
Course Title: Sustainable Cities and Communities
Semester: S3
Prerequisite: NIL
Credits: 3
Source Sheet: Sem_Spread_2024
Source Row: 7"
semester_offering,109,"Course Code: SLAD206
Course Title: Human Values in Work and Life
Semester: S4
Prerequisite: NIL
Credits: 2
Source Sheet: Sem_Spread_2024
Source Row: 7"
semester_offering,110,"Course Code: LANG101
Course Title: Kannada/ Language
Semester: S6
Prerequisite: NIL
Credits: 3
Source Sheet: Sem_Spread_2024
Source Row: 7"
semester_offering,111,"Course Code: COMP132
Course Title: Design Workshop
Semester: S1
Prerequisite: NIL
Credits: 2
Source Sheet: Sem_Spread_2024
Source Row: 8"
semester_offering,112,"Course Code: MTSC211
Course Title: Sustainable Smart Materials
Semester: S2
Prerequisite: MTSC111
Credits: 3
Source Sheet: Sem_Spread_2024
Source Row: 8"
semester_offering,113,"Course Code: MATH204
Course Title: Linear Algebra
Semester: S3
Prerequisite: NIL
Credits: 3
Source Sheet: Sem_Spread_2024
Source Row: 8"
semester_offering,114,"Course Code: MTSC111
Course Title: Materials for Smart Devices
Semester: S1
Prerequisite: NIL
Credits: 3
Source Sheet: Sem_Spread_2024
Source Row: 9"
semester_offering,115,"Course Code: ENGL210
Course Title: Academic Writing
Semester: S2
Prerequisite: UCOR102
Credits: 2
Source Sheet: Sem_Spread_2024
Source Row: 9"
semester_offering,116,"Course Code: PSYC101/ECON101
Course Title: Introduction to Psychology/Introduction to Economics
Semester: S1
Prerequisite: NIL
Credits: 3
Source Sheet: Sem_Spread_2024
Source Row: 11"
semester_offering,117,"Course Code: COMP403
Course Title: Cloud Computing
Semester: S4
Prerequisite: NIL
Credits: 3
Source Sheet: Sem_Spread_2024
Source Row: 11"
semester_offering,118,"Course Code: DATA103
Course Title: Programming in Python
Semester: S1
Prerequisite: NIL
Credits: 3
Source Sheet: Sem_Spread_2024
Source Row: 12"
semester_offering,119,"Course Code: COMP201
Course Title: Data Structures
Semester: S2
Prerequisite: NIL
Credits: 4
Source Sheet: Sem_Spread_2024
Source Row: 12"
semester_offering,120,"Course Code: COMP203
Course Title: Analysis of Algorithms
Semester: S3
Prerequisite: COMP201
Credits: 4
Source Sheet: Sem_Spread_2024
Source Row: 12"
semester_offering,121,"Course Code: COMP209
Course Title: Databases Management
Semester: S4
Prerequisite: NIL
Credits: 4
Source Sheet: Sem_Spread_2024
Source Row: 12"
semester_offering,122,"Course Code: COMP208
Course Title: Networks
Semester: S5
Prerequisite: NIL
Credits: 4
Source Sheet: Sem_Spread_2024
Source Row: 12"
semester_offering,123,"Course Code: COMP302
Course Title: Internet of Things
Semester: S7
Prerequisite: COMP132, COMP201, COMP206, COMP208, COMP301
Credits: 2
Source Sheet: Sem_Spread_2024
Source Row: 12"
semester_offering,124,"Course Code: DATA132
Course Title: Data visualization and Storytelling
Semester: S2
Prerequisite: DATA103
Credits: 3
Source Sheet: Sem_Spread_2024
Source Row: 13"
semester_offering,125,"Course Code: COMP202
Course Title: Theoretical Computer Science
Semester: S3
Prerequisite: NIL
Credits: 4
Source Sheet: Sem_Spread_2024
Source Row: 13"
semester_offering,126,"Course Code: COMP204
Course Title: Digital Design and Computer Organization
Semester: S4
Prerequisite: NIL
Credits: 4
Source Sheet: Sem_Spread_2024
Source Row: 13"
semester_offering,127,"Course Code: COMP207
Course Title: Operating Systems
Semester: S5
Prerequisite: NIL
Credits: 3
Source Sheet: Sem_Spread_2024
Source Row: 13"
semester_offering,128,"Course Code: COMP206
Course Title: Microprocessors and Computer Architecture
Semester: S6
Prerequisite: COMP204, COMP207
Credits: 4
Source Sheet: Sem_Spread_2024
Source Row: 13"
semester_offering,129,"Course Code: COMP301
Course Title: Artificial Intelligence
Semester: S4
Prerequisite: NIL
Credits: 4
Source Sheet: Sem_Spread_2024
Source Row: 14"
semester_offering,130,"Course Code: COMP205
Course Title: Object Oriented Programming
Semester: S5
Prerequisite: NIL
Credits: 3
Source Sheet: Sem_Spread_2024
Source Row: 15"
semester_offering,131,"Course Code: DATA201
Course Title: Foundations to Data Science
Semester: S2
Prerequisite: NIL
Credits: 3
Source Sheet: Sem_Spread_2024
Source Row: 16"
semester_offering,132,"Course Code: DATA202
Course Title: Exploratory Data Analysis
Semester: S3
Prerequisite: DATA201, MATH203
Credits: 3
Source Sheet: Sem_Spread_2024
Source Row: 16"
semester_offering,133,"Course Code: MATH301
Course Title: Optimization Techniques for Data Science
Semester: S4
Prerequisite: NIL
Credits: 4
Source Sheet: Sem_Spread_2024
Source Row: 16"
semester_offering,134,"Course Code: DATA301
Course Title: Machine Learning
Semester: S5
Prerequisite: DATA202, MATH301
Credits: 4
Source Sheet: Sem_Spread_2024
Source Row: 16"
semester_offering,135,"Course Code: DATA302
Course Title: Deep Learning
Semester: S6
Prerequisite: DATA301
Credits: 4
Source Sheet: Sem_Spread_2024
Source Row: 16"
semester_offering,136,"Course Code: MATH206
Course Title: Advanced Statistical Analysis and Research Methods with R
Semester: S3
Prerequisite: MATH203
Credits: 2
Source Sheet: Sem_Spread_2024
Source Row: 17"
semester_offering,137,"Course Code: MATH401/COMP401
Course Title: SPT-Course #1-Probabilistic Graph Models LTP: 3-0-2 /Web Framework LTP: 2-0-4
Semester: S5
Prerequisite: NIL/NIL
Credits: 4
Source Sheet: Sem_Spread_2024
Source Row: 18"
semester_offering,138,"Course Code: DATA404/DATA406
Course Title: SPT-Course #2-Multi Modal Learning/Big Data Framework
Semester: S6
Prerequisite: DATA302/NIL
Credits: 4
Source Sheet: Sem_Spread_2024
Source Row: 18"
semester_offering,139,"Course Code: DATA403
Course Title: SPT-Course #3 (Natural Language Processing / Natural Language Processing)
Semester: S7
Prerequisite: DATA302
Credits: 4
Source Sheet: Sem_Spread_2024
Source Row: 18"
semester_offering,140,"Course Code: DATA408/COMP402
Course Title: SPT-Course #4 (Advanced Topics in Deep Learning LTP: 3-0-2/ Software Architecture and Deployments LTP: 2-0-4)
Semester: S7
Prerequisite: DATA302/ COMP205, COMP401
Credits: 4
Source Sheet: Sem_Spread_2024
Source Row: 19"
semester_offering,141,"Course Code: DATA405
Course Title: SPT-Course #5 Reinforcement Learning/Reinforcement Learning
Semester: S7
Prerequisite: MATH202, MATH204
Credits: 4
Source Sheet: Sem_Spread_2024
Source Row: 20"
semester_offering,142,"Course Code: DATA801
Course Title: Summer Training/Internship
Semester: S5
Prerequisite: NIL
Credits: 2
Source Sheet: Sem_Spread_2024
Source Row: 23"
semester_offering,143,"Course Code: DATA802
Course Title: Interdisciplinary Project
Semester: S7
Prerequisite: NIL
Credits: 4
Source Sheet: Sem_Spread_2024
Source Row: 23"
semester_offering,144,"Course Code: DATA803
Course Title: Capstone Project/Industrial Internship
Semester: S8
Prerequisite: NIL
Credits: 12
Source Sheet: Sem_Spread_2024
Source Row: 23"
semester_offering,145,"Course Code: UCOR103
Course Title: Communication Skills
Semester: S1
Prerequisite: Nil
Credits: 2
Source Sheet: Sem_Spread_2025
Source Row: 3"
semester_offering,146,"Course Code: UCOR111
Course Title: Environmental Studies and Sustainability
Semester: S2
Prerequisite: NIL
Credits: 2
Source Sheet: Sem_Spread_2025
Source Row: 3"
semester_offering,147,"Course Code: UCOR207
Course Title: Analytical Academic Writing
Semester: S3
Prerequisite: NIL
Credits: 3
Source Sheet: Sem_Spread_2025
Source Row: 3"
semester_offering,148,"Course Code: UCOR205
Course Title: Socio-Cultural Perspectives on Indian Life
Semester: S4
Prerequisite: Nil
Credits: 3
Source Sheet: Sem_Spread_2025
Source Row: 3"
semester_offering,149,"Course Code: UCOR310
Course Title: Critical Thinking
Semester: S5
Prerequisite: NIL
Credits: 3
Source Sheet: Sem_Spread_2025
Source Row: 3"
semester_offering,150,"Course Code: UCOR215
Course Title: Humanistic Leadership Development
Semester: S6
Prerequisite: NIL
Credits: 2
Source Sheet: Sem_Spread_2025
Source Row: 3"
semester_offering,151,"Course Code: UCOR106
Course Title: Learning to Learn
Semester: S1
Prerequisite: NIL
Credits: 2
Source Sheet: Sem_Spread_2025
Source Row: 4"
semester_offering,152,"Course Code: LAWS101
Course Title: Fundamentals of Indian Constitution and Human Rights
Semester: S2
Prerequisite: NIL
Credits: 2
Source Sheet: Sem_Spread_2025
Source Row: 4"
semester_offering,153,"Course Code: UCOR104
Course Title: Problem Solving with Design Thinking
Semester: S5
Prerequisite: NIL
Credits: 2
Source Sheet: Sem_Spread_2025
Source Row: 4"
semester_offering,154,"Course Code: UCOR701
Course Title: Community Engagement & Service Experience
Semester: S2
Prerequisite: NIL
Credits: 1
Source Sheet: Sem_Spread_2025
Source Row: 5"
semester_offering,155,"Course Code: SLAD206
Course Title: Human Values in Work and Life
Semester: S3
Prerequisite: Nil
Credits: 2
Source Sheet: Sem_Spread_2025
Source Row: 5"
semester_offering,156,"Course Code: MATH208
Course Title: Multivariate Calculus
Semester: S1
Prerequisite: Nil
Credits: 4
Source Sheet: Sem_Spread_2025
Source Row: 7"
semester_offering,157,"Course Code: MATH203
Course Title: Probability and Statistics
Semester: S2
Prerequisite: NIL
Credits: 4
Source Sheet: Sem_Spread_2025
Source Row: 7"
semester_offering,158,"Course Code: MATH209
Course Title: Linear Algebra
Semester: S3
Prerequisite: NIL
Credits: 4
Source Sheet: Sem_Spread_2025
Source Row: 7"
semester_offering,159,"Course Code: TBA
Course Title: Language
Semester: S6
Prerequisite: NIL
Credits: 2
Source Sheet: Sem_Spread_2025
Source Row: 7"
semester_offering,160,"Course Code: MTSC211
Course Title: Sustainable Smart Materials
Semester: S2
Prerequisite: MTSC111
Credits: 3
Source Sheet: Sem_Spread_2025
Source Row: 8"
semester_offering,161,"Course Code: MATH206
Course Title: Advanced Statistical Analysis and Research Methods with R
Semester: S4
Prerequisite: MATH203
Credits: 2
Source Sheet: Sem_Spread_2025
Source Row: 8"
semester_offering,162,"Course Code: MTSC111
Course Title: Materials for Smart Devices
Semester: S1
Prerequisite: Nil
Credits: 3
Source Sheet: Sem_Spread_2025
Source Row: 9"
semester_offering,163,"Course Code: COMP132
Course Title: Design Workshop
Semester: S2
Prerequisite: Nil
Credits: 2
Source Sheet: Sem_Spread_2025
Source Row: 9"
semester_offering,164,"Course Code: DATA103
Course Title: Programming in Python
Semester: S1
Prerequisite: Nil
Credits: 3
Source Sheet: Sem_Spread_2025
Source Row: 12"
semester_offering,165,"Course Code: COMP201
Course Title: Data Structures
Semester: S2
Prerequisite: NIL
Credits: 4
Source Sheet: Sem_Spread_2025
Source Row: 12"
semester_offering,166,"Course Code: COMP207
Course Title: Operating Systems
Semester: S4
Prerequisite: Nil
Credits: 3
Source Sheet: Sem_Spread_2025
Source Row: 12"
semester_offering,167,"Course Code: COMP206
Course Title: Microprocessors and Computer Architecture
Semester: S5
Prerequisite: COMP204, COMP207
Credits: 4
Source Sheet: Sem_Spread_2025
Source Row: 12"
semester_offering,168,"Course Code: COMP204
Course Title: Digital Design and Computer Organization
Semester: S1
Prerequisite: NIL
Credits: 4
Source Sheet: Sem_Spread_2025
Source Row: 13"
semester_offering,169,"Course Code: DATA132
Course Title: Data Visualization and Storytelling
Semester: S2
Prerequisite: DATA103
Credits: 3
Source Sheet: Sem_Spread_2025
Source Row: 13"
semester_offering,170,"Course Code: COMP202
Course Title: Theoretical Computer Science
Semester: S3
Prerequisite: NIL
Credits: 4
Source Sheet: Sem_Spread_2025
Source Row: 13"
semester_offering,171,"Course Code: COMP208
Course Title: Networks
Semester: S6
Prerequisite: NIL
Credits: 4
Source Sheet: Sem_Spread_2025
Source Row: 13"
semester_offering,172,"Course Code: COMP209
Course Title: Databases Management
Semester: S2
Prerequisite: NIL
Credits: 4
Source Sheet: Sem_Spread_2025
Source Row: 14"
semester_offering,173,"Course Code: COMP301
Course Title: Artificial Intelligence
Semester: S4
Prerequisite: NIL
Credits: 4
Source Sheet: Sem_Spread_2025
Source Row: 14"
semester_offering,174,"Course Code: COMP302
Course Title: Internet of Things
Semester: S6
Prerequisite: COMP132, COMP201, COMP206, COMP208, COMP301
Credits: 2
Source Sheet: Sem_Spread_2025
Source Row: 14"
semester_offering,175,"Course Code: COMP203
Course Title: Analysis of Algorithms
Semester: S3
Prerequisite: COMP201
Credits: 4
Source Sheet: Sem_Spread_2025
Source Row: 15"
semester_offering,176,"Course Code: COMP205
Course Title: Object Oriented Programming
Semester: S4
Prerequisite: NIL
Credits: 3
Source Sheet: Sem_Spread_2025
Source Row: 15"
semester_offering,177,"Course Code: DATA209
Course Title: Advanced Exploratory Data Analysis
Semester: S3
Prerequisite: DATA132, MATH203
Credits: 4
Source Sheet: Sem_Spread_2025
Source Row: 16"
semester_offering,178,"Course Code: MATH301
Course Title: Optimization Techniques for Data Science
Semester: S4
Prerequisite: MATH201
Credits: 4
Source Sheet: Sem_Spread_2025
Source Row: 16"
semester_offering,179,"Course Code: DATA301
Course Title: Machine Learning
Semester: S5
Prerequisite: DATA206, MATH301
Credits: 4
Source Sheet: Sem_Spread_2025
Source Row: 16"
semester_offering,180,"Course Code: DATA302
Course Title: Deep Learning
Semester: S6
Prerequisite: DATA301
Credits: 4
Source Sheet: Sem_Spread_2025
Source Row: 16"
semester_offering,181,"Course Code: DATA403
Course Title: Natural Language Processing
Semester: S7
Prerequisite: DATA302
Credits: 4
Source Sheet: Sem_Spread_2025
Source Row: 16"
semester_offering,182,"Course Code: MATH401/COMP401
Course Title: SPT-Course #1-Probabilistic Graph Models LTP: 3-0-2/Web Framework LTP: 2-0-4
Semester: S5
Prerequisite: NIL/NIL
Credits: 4
Source Sheet: Sem_Spread_2025
Source Row: 18"
semester_offering,183,"Course Code: DATA404/DATA406
Course Title: SPT-Course #2-Multi Modal Learning/Big Data Framework
Semester: S6
Prerequisite: DATA302/NIL
Credits: 4
Source Sheet: Sem_Spread_2025
Source Row: 18"
semester_offering,184,"Course Code: TBA/COMP405
Course Title: SPT-Course #3 (Image Processing and Computer Vision/Cloud & Cognitive Computing)
Semester: S7
Prerequisite: TBA/NIL
Credits: 4
Source Sheet: Sem_Spread_2025
Source Row: 18"
semester_offering,185,"Course Code: DATA408/COMP402
Course Title: SPT-Course #4 (Advanced Topics in Deep Learning LTP: 3-0-2/ Software Architecture and Deployments LTP: 2-0-4)
Semester: S7
Prerequisite: DATA302/ COMP205, COMP401
Credits: 4
Source Sheet: Sem_Spread_2025
Source Row: 19"
semester_offering,186,"Course Code: DATA405
Course Title: SPT-Course #5 Reinforcement Learning/Reinforcement Learning
Semester: S7
Prerequisite: MATH202, MATH204
Credits: 4
Source Sheet: Sem_Spread_2025
Source Row: 20"
semester_offering,187,"Course Code: MGMT101
Course Title: Essentials of Business Management
Semester: S1
Prerequisite: Nil
Credits: 2
Source Sheet: Sem_Spread_2025
Source Row: 21"
semester_offering,188,"Course Code: DATA802
Course Title: Inter-Desciplinary Project
Semester: S7
Prerequisite: NIL
Credits: 4
Source Sheet: Sem_Spread_2025
Source Row: 21"
semester_offering,189,"Course Code: PSCY102/ECON105
Course Title: Introduction to Psychology/Principles of Economics
Semester: S1
Prerequisite: NIL
Credits: 2
Source Sheet: Sem_Spread_2025
Source Row: 22"
semester_offering,190,"Course Code: DATA801
Course Title: Summer Training/Internship
Semester: S5
Prerequisite: NIL
Credits: 2
Source Sheet: Sem_Spread_2025
Source Row: 23"
semester_offering,191,"Course Code: DATA803
Course Title: Capstone Project/ Industrial Internship
Semester: S8
Prerequisite: NIL
Credits: 12
Source Sheet: Sem_Spread_2025
Source Row: 23"
semester_offering,192,"Course Code: UCOR107
Course Title: Communication Skills
Semester: S1
Prerequisite: Nil
Credits: 3
Source Sheet: Sem_Spread_DS_2026
Source Row: 3"
semester_offering,193,"Course Code: UCOR111
Course Title: Environmental Studies and Sustainability
Semester: S2
Prerequisite: NIL
Credits: 2
Source Sheet: Sem_Spread_DS_2026
Source Row: 3"
semester_offering,194,"Course Code: UCOR205
Course Title: Socio-Cultural Perspectives on Indian Life
Semester: S4
Prerequisite: Nil
Credits: 3
Source Sheet: Sem_Spread_DS_2026
Source Row: 3"
semester_offering,195,"Course Code: UCOR310
Course Title: Critical Thinking
Semester: S5
Prerequisite: NIL
Credits: 3
Source Sheet: Sem_Spread_DS_2026
Source Row: 3"
semester_offering,196,"Course Code: UCOR106
Course Title: Learning to Learn
Semester: S1
Prerequisite: NIL
Credits: 2
Source Sheet: Sem_Spread_DS_2026
Source Row: 4"
semester_offering,197,"Course Code: LAWS101
Course Title: Fundamentals of Indian Constitution and Human Rights
Semester: S2
Prerequisite: NIL
Credits: 2
Source Sheet: Sem_Spread_DS_2026
Source Row: 4"
semester_offering,198,"Course Code: UCOR104
Course Title: Problem Solving with Design Thinking
Semester: S5
Prerequisite: NIL
Credits: 2
Source Sheet: Sem_Spread_DS_2026
Source Row: 4"
semester_offering,199,"Course Code: UCOR701
Course Title: Community Engagement & Service Experience
Semester: S2
Prerequisite: NIL
Credits: 1
Source Sheet: Sem_Spread_DS_2026
Source Row: 5"
semester_offering,200,"Course Code: MATH208
Course Title: Multivariate Calculus
Semester: S1
Prerequisite: Nil
Credits: 4
Source Sheet: Sem_Spread_DS_2026
Source Row: 7"
semester_offering,201,"Course Code: MATH203
Course Title: Probability and Statistics
Semester: S2
Prerequisite: NIL
Credits: 4
Source Sheet: Sem_Spread_DS_2026
Source Row: 7"
semester_offering,202,"Course Code: MATH209
Course Title: Linear Algebra
Semester: S3
Prerequisite: NIL
Credits: 4
Source Sheet: Sem_Spread_DS_2026
Source Row: 7"
semester_offering,203,"Course Code: TBA
Course Title: Language
Semester: S6
Prerequisite: NIL
Credits: 2
Source Sheet: Sem_Spread_DS_2026
Source Row: 7"
semester_offering,204,"Course Code: MTSC211
Course Title: Sustainable Smart Materials
Semester: S2
Prerequisite: MTSC111
Credits: 3
Source Sheet: Sem_Spread_DS_2026
Source Row: 8"
semester_offering,205,"Course Code: MATH210
Course Title: Advanced Statistical Analysis and Research Methods
Semester: S4
Prerequisite: MATH203
Credits: 3
Source Sheet: Sem_Spread_DS_2026
Source Row: 8"
semester_offering,206,"Course Code: MTSC111
Course Title: Materials for Smart Devices
Semester: S1
Prerequisite: Nil
Credits: 3
Source Sheet: Sem_Spread_DS_2026
Source Row: 9"
semester_offering,207,"Course Code: COMP133
Course Title: Design Workshop
Semester: S2
Prerequisite: Nil
Credits: 3
Source Sheet: Sem_Spread_DS_2026
Source Row: 9"
semester_offering,208,"Course Code: DATA103
Course Title: Programming in Python
Semester: S1
Prerequisite: Nil
Credits: 3
Source Sheet: Sem_Spread_DS_2026
Source Row: 12"
semester_offering,209,"Course Code: COMP201
Course Title: Data Structures
Semester: S2
Prerequisite: NIL
Credits: 4
Source Sheet: Sem_Spread_DS_2026
Source Row: 12"
semester_offering,210,"Course Code: COMP202
Course Title: Theoretical Computer Science
Semester: S3
Prerequisite: NIL
Credits: 4
Source Sheet: Sem_Spread_DS_2026
Source Row: 12"
semester_offering,211,"Course Code: COMP211
Course Title: Operating Systems
Semester: S4
Prerequisite: Nil
Credits: 4
Source Sheet: Sem_Spread_DS_2026
Source Row: 12"
semester_offering,212,"Course Code: COMP206
Course Title: Microprocessors and Computer Architecture
Semester: S5
Prerequisite: COMP204, COMP207
Credits: 4
Source Sheet: Sem_Spread_DS_2026
Source Row: 12"
semester_offering,213,"Course Code: COMP204
Course Title: Digital Design and Computer Organization
Semester: S1
Prerequisite: NIL
Credits: 4
Source Sheet: Sem_Spread_DS_2026
Source Row: 13"
semester_offering,214,"Course Code: DATA132
Course Title: Data Visualization and Storytelling
Semester: S2
Prerequisite: DATA103
Credits: 3
Source Sheet: Sem_Spread_DS_2026
Source Row: 13"
semester_offering,215,"Course Code: COMP203
Course Title: Analysis of Algorithms
Semester: S3
Prerequisite: COMP201
Credits: 4
Source Sheet: Sem_Spread_DS_2026
Source Row: 13"
semester_offering,216,"Course Code: COMP208
Course Title: Networks
Semester: S6
Prerequisite: Nil
Credits: 4
Source Sheet: Sem_Spread_DS_2026
Source Row: 13"
semester_offering,217,"Course Code: COMP209
Course Title: Databases Management
Semester: S2
Prerequisite: NIL
Credits: 4
Source Sheet: Sem_Spread_DS_2026
Source Row: 14"
semester_offering,218,"Course Code: COMP301
Course Title: Artificial Intelligence
Semester: S4
Prerequisite: NIL
Credits: 4
Source Sheet: Sem_Spread_DS_2026
Source Row: 14"
semester_offering,219,"Course Code: COMP302
Course Title: Internet of Things
Semester: S6
Prerequisite: COMP132, COMP201, COMP206, COMP208, COMP301
Credits: 2
Source Sheet: Sem_Spread_DS_2026
Source Row: 14"
semester_offering,220,"Course Code: TBA
Course Title: Compiler Design
Semester: S7
Prerequisite: Nil
Credits: 3
Source Sheet: Sem_Spread_DS_2026
Source Row: 14"
semester_offering,221,"Course Code: COMP205
Course Title: Object Oriented Programming
Semester: S4
Prerequisite: NIL
Credits: 3
Source Sheet: Sem_Spread_DS_2026
Source Row: 15"
semester_offering,222,"Course Code: DATA209
Course Title: Advanced Exploratory Data Analysis
Semester: S3
Prerequisite: DATA132, MATH203
Credits: 4
Source Sheet: Sem_Spread_DS_2026
Source Row: 16"
semester_offering,223,"Course Code: MATH301
Course Title: Optimization Techniques for Data Science
Semester: S4
Prerequisite: MATH201
Credits: 4
Source Sheet: Sem_Spread_DS_2026
Source Row: 16"
semester_offering,224,"Course Code: DATA301
Course Title: Machine Learning
Semester: S5
Prerequisite: DATA206, MATH301
Credits: 4
Source Sheet: Sem_Spread_DS_2026
Source Row: 16"
semester_offering,225,"Course Code: DATA302
Course Title: Deep Learning
Semester: S6
Prerequisite: DATA301
Credits: 4
Source Sheet: Sem_Spread_DS_2026
Source Row: 16"
semester_offering,226,"Course Code: DATA403
Course Title: Natural Language Processing
Semester: S7
Prerequisite: DATA302
Credits: 4
Source Sheet: Sem_Spread_DS_2026
Source Row: 16"
semester_offering,227,"Course Code: MGMT101
Course Title: Essentials of Business Management
Semester: S1
Prerequisite: Nil
Credits: 2
Source Sheet: Sem_Spread_DS_2026
Source Row: 21"
semester_offering,228,"Course Code: DATA802
Course Title: Inter-Desciplinary Project
Semester: S7
Prerequisite: NIL
Credits: 4
Source Sheet: Sem_Spread_DS_2026
Source Row: 21"
semester_offering,229,"Course Code: PSYC105/ECON106
Course Title: Introduction to Psychology/Principles of Economics
Semester: S1
Prerequisite: NIL
Credits: 2
Source Sheet: Sem_Spread_DS_2026
Source Row: 22"
semester_offering,230,"Course Code: DATA801
Course Title: Summer Training/Internship
Semester: S5
Prerequisite: NIL
Credits: 2
Source Sheet: Sem_Spread_DS_2026
Source Row: 23"
semester_offering,231,"Course Code: DATA803
Course Title: Capstone Project/ Industrial Internship
Semester: S8
Prerequisite: NIL
Credits: 12
Source Sheet: Sem_Spread_DS_2026
Source Row: 23"
prerequisite,0,"Course Code: UCOR103
Course Title: Communication Skills
Prerequisite: NIL
Status: none"
prerequisite,1,"Course Code: UCOR203
Course Title: Leadership and Teamwork Skills
Prerequisite: NIL
Status: none"
prerequisite,2,"Course Code: UCOR205
Course Title: Socio Cultural Perspectives on Indian Life-SPIL
Prerequisite: NIL
Status: none"
prerequisite,3,"Course Code: UCOR210
Course Title: Critical Thinking
Prerequisite: NIL
Status: none"
prerequisite,4,"Course Code: UCOR104
Course Title: Problem Solving with Design Thinking
Prerequisite: NIL
Status: none"
prerequisite,5,"Course Code: UCOR701
Course Title: Community Engagement & Service Experience
Prerequisite: NIL
Status: none"
prerequisite,6,"Course Code: UCOR201
Course Title: Introduction to Epistemology
Prerequisite: NIL
Status: none"
prerequisite,7,"Course Code: UCOR102
Course Title: Introduction to writing
Prerequisite: NIL
Status: none"
prerequisite,8,"Course Code: UCOR106
Course Title: Learning to Learn
Prerequisite: NIL
Status: none"
prerequisite,9,"Course Code: MATH201
Course Title: Calculus
Prerequisite: NIL
Status: none"
prerequisite,10,"Course Code: MATH202
Course Title: Probability Theory
Prerequisite: NIL
Status: none"
prerequisite,11,"Course Code: MTSC781
Course Title: Sustainable Cities and Communities
Prerequisite: NIL
Status: none"
prerequisite,12,"Course Code: SLAD206
Course Title: Human Values in Work and Life
Prerequisite: NIL
Status: none"
prerequisite,13,"Course Code: LANG101
Course Title: Language
Prerequisite: NIL
Status: none"
prerequisite,14,"Course Code: COMP132
Course Title: Design Workshop
Prerequisite: NIL
Status: none"
prerequisite,15,"Course Code: MTSC211
Course Title: Sustainable Smart Materials
Prerequisite: MTSC111
Status: specified"
prerequisite,16,"Course Code: SLAD207
Course Title: Foundation Seminar
Prerequisite: NIL
Status: none"
prerequisite,17,"Course Code: MTSC111
Course Title: Materials for Smart Devices
Prerequisite: NIL
Status: none"
prerequisite,18,"Course Code: ENGL201
Course Title: Academic Writing
Prerequisite: UCOR102
Status: specified"
prerequisite,19,"Course Code: MATH204
Course Title: Linear Algebra
Prerequisite: NIL
Status: none"
prerequisite,20,"Course Code: DATA131
Course Title: Visualizing Data for Story Telling
Prerequisite: NIL
Status: none"
prerequisite,21,"Course Code: PSYC101/ECON101
Course Title: Introduction to Psychology/Introduction to Economics
Prerequisite: NIL
Status: none"
prerequisite,22,"Course Code: DATA130
Course Title: Computational Thinking
Prerequisite: NIL
Status: none"
prerequisite,23,"Course Code: COMP201
Course Title: Data Structures
Prerequisite: NIL
Status: none"
prerequisite,24,"Course Code: COMP203
Course Title: Analysis of Algorithms
Prerequisite: COMP201
Status: specified"
prerequisite,25,"Course Code: COMP205
Course Title: Object Oriented Programming
Prerequisite: NIL
Status: none"
prerequisite,26,"Course Code: COMP208
Course Title: Networks
Prerequisite: NIL
Status: none"
prerequisite,27,"Course Code: COMP302
Course Title: Internet of Things
Prerequisite: COMP132, COMP201, COMP206, COMP208, COMP301
Status: specified"
prerequisite,28,"Course Code: MATH205
Course Title: Statistics with R
Prerequisite: MATH202
Status: specified"
prerequisite,29,"Course Code: COMP202
Course Title: Theoretical Computer Science
Prerequisite: NIL
Status: none"
prerequisite,30,"Course Code: COMP204
Course Title: Digital Design and Computer Organization
Prerequisite: NIL
Status: none"
prerequisite,31,"Course Code: COMP207
Course Title: Operating Systems
Prerequisite: NIL
Status: none"
prerequisite,32,"Course Code: COMP206
Course Title: Microprocessors and Computer Architecture
Prerequisite: COMP204, COMP207
Status: specified"
prerequisite,33,"Course Code: COMP301
Course Title: Artificial Intelligence
Prerequisite: NIL
Status: none"
prerequisite,34,"Course Code: COMP209
Course Title: Databases Management
Prerequisite: NIL
Status: none"
prerequisite,35,"Course Code: DATA201
Course Title: Foundations to Data Science
Prerequisite: NIL
Status: none"
prerequisite,36,"Course Code: DATA202
Course Title: Exploratory Data Analysis
Prerequisite: DATA201, MATH203
Status: specified"
prerequisite,37,"Course Code: MATH301
Course Title: Optimization Techniques for Data Science
Prerequisite: MATH201
Status: specified"
prerequisite,38,"Course Code: DATA301
Course Title: Machine Learning
Prerequisite: DATA202, MATH301
Status: specified"
prerequisite,39,"Course Code: DATA302
Course Title: Deep Learning
Prerequisite: DATA301
Status: specified"
prerequisite,40,"Course Code: DATA207
Course Title: Human Centric AI
Prerequisite: COMP210/COMP301
Status: specified"
prerequisite,41,"Course Code: MATH401/COMP401
Course Title: SPT-Course #1-Probabilistic Graph Models LTP: 3-0-2 /Web Framework LTP: 2-0-4
Prerequisite: NIL/NIL
Status: specified"
prerequisite,42,"Course Code: DATA402/DATA406
Course Title: SPT-Course #2 (Advanced Visualization and Storytelling/Big Data Framework)
Prerequisite: DATA301/NIL
Status: specified"
prerequisite,43,"Course Code: DATA403/COMP402
Course Title: SPT-Course #3 (Natural Language Processing / Software Architecture and Deployments)
Prerequisite: DATA302/COMP205, COMP401
Status: specified"
prerequisite,44,"Course Code: DATA404
Course Title: SPT-Course #4 (Multi Modal Learning / Cloud Computing)
Prerequisite: DATA302
Status: specified"
prerequisite,45,"Course Code: DATA405
Course Title: SPT-Course #5 (Reinforcement Learning/ Cognitive Computing)
Prerequisite: MATH202,MATH204
Status: specified"
prerequisite,46,"Course Code: DATA801
Course Title: Summer Training/Internship
Prerequisite: NIL
Status: none"
prerequisite,47,"Course Code: DATA802
Course Title: Interdisciplinary Project
Prerequisite: NIL
Status: none"
prerequisite,48,"Course Code: DATA803
Course Title: Capstone Project/Industrial Internship
Prerequisite: NIL
Status: none"
prerequisite,49,"Course Code: MATH207
Course Title: Research Methodology
Prerequisite: NIL
Status: none"
prerequisite,50,"Course Code: DATA302
Course Title: Deep Learning
Prerequisite: DATA301, MATH201
Status: specified"
prerequisite,51,"Course Code: DATA303
Course Title: MLOps & Model Deployment
Prerequisite: DATA301, COMP208
Status: specified"
prerequisite,52,"Course Code: DATA405/DATA406
Course Title: SPT-Course #2-Reinforcement Learning/Big Data Framework
Prerequisite: MATH202, MATH204/NIL
Status: specified"
prerequisite,53,"Course Code: DATA403
Course Title: SPT-Course #3 (Natural Language Processing / Natural Language Processing)
Prerequisite: DATA302
Status: specified"
prerequisite,54,"Course Code: DATA404/COMP402
Course Title: SPT-Course #4 (Multi Modal Learning/ Software Architecture and Deployments)
Prerequisite: DATA302/ COMP205, COMP401
Status: specified"
prerequisite,55,"Course Code: DATA408/COMP405
Course Title: SPT-Course #5 Advanced Topics in Deep Learning LTP: 3-0-2/ Cloud &Cognitive Computing LTP: 2-0-4
Prerequisite: DATA302
Status: specified"
prerequisite,56,"Course Code: UCOR105
Course Title: Communication and Leadership Skills
Prerequisite: NIL
Status: none"
prerequisite,57,"Course Code: UCOR310
Course Title: Critical Thinking
Prerequisite: NIL
Status: none"
prerequisite,58,"Course Code: LAWS101
Course Title: Fundamentals of Indian Constitution and Human Rights
Prerequisite: Nil
Status: none"
prerequisite,59,"Course Code: MATH203
Course Title: Probability and Statistics
Prerequisite: NIL
Status: none"
prerequisite,60,"Course Code: LANG101
Course Title: Kannada/ Language
Prerequisite: NIL
Status: none"
prerequisite,61,"Course Code: ENGL210
Course Title: Academic Writing
Prerequisite: UCOR102
Status: specified"
prerequisite,62,"Course Code: COMP403
Course Title: Cloud Computing
Prerequisite: NIL
Status: none"
prerequisite,63,"Course Code: DATA103
Course Title: Programming in Python
Prerequisite: NIL
Status: none"
prerequisite,64,"Course Code: DATA132
Course Title: Data visualization and Storytelling
Prerequisite: DATA103
Status: specified"
prerequisite,65,"Course Code: MATH301
Course Title: Optimization Techniques for Data Science
Prerequisite: NIL
Status: none"
prerequisite,66,"Course Code: MATH206
Course Title: Advanced Statistical Analysis and Research Methods with R
Prerequisite: MATH203
Status: specified"
prerequisite,67,"Course Code: DATA404/DATA406
Course Title: SPT-Course #2-Multi Modal Learning/Big Data Framework
Prerequisite: DATA302/NIL
Status: specified"
prerequisite,68,"Course Code: DATA408/COMP402
Course Title: SPT-Course #4 (Advanced Topics in Deep Learning LTP: 3-0-2/ Software Architecture and Deployments LTP: 2-0-4)
Prerequisite: DATA302/ COMP205, COMP401
Status: specified"
prerequisite,69,"Course Code: DATA405
Course Title: SPT-Course #5 Reinforcement Learning/Reinforcement Learning
Prerequisite: MATH202, MATH204
Status: specified"
prerequisite,70,"Course Code: UCOR103
Course Title: Communication Skills
Prerequisite: Nil
Status: none"
prerequisite,71,"Course Code: UCOR111
Course Title: Environmental Studies and Sustainability
Prerequisite: NIL
Status: none"
prerequisite,72,"Course Code: UCOR207
Course Title: Analytical Academic Writing
Prerequisite: NIL
Status: none"
prerequisite,73,"Course Code: UCOR205
Course Title: Socio-Cultural Perspectives on Indian Life
Prerequisite: Nil
Status: none"
prerequisite,74,"Course Code: UCOR215
Course Title: Humanistic Leadership Development
Prerequisite: NIL
Status: none"
prerequisite,75,"Course Code: LAWS101
Course Title: Fundamentals of Indian Constitution and Human Rights
Prerequisite: NIL
Status: none"
prerequisite,76,"Course Code: SLAD206
Course Title: Human Values in Work and Life
Prerequisite: Nil
Status: none"
prerequisite,77,"Course Code: MATH208
Course Title: Multivariate Calculus
Prerequisite: Nil
Status: none"
prerequisite,78,"Course Code: MATH209
Course Title: Linear Algebra
Prerequisite: NIL
Status: none"
prerequisite,79,"Course Code: TBA
Course Title: Language
Prerequisite: NIL
Status: none"
prerequisite,80,"Course Code: MTSC111
Course Title: Materials for Smart Devices
Prerequisite: Nil
Status: none"
prerequisite,81,"Course Code: COMP132
Course Title: Design Workshop
Prerequisite: Nil
Status: none"
prerequisite,82,"Course Code: DATA103
Course Title: Programming in Python
Prerequisite: Nil
Status: none"
prerequisite,83,"Course Code: COMP207
Course Title: Operating Systems
Prerequisite: Nil
Status: none"
prerequisite,84,"Course Code: DATA132
Course Title: Data Visualization and Storytelling
Prerequisite: DATA103
Status: specified"
prerequisite,85,"Course Code: DATA209
Course Title: Advanced Exploratory Data Analysis
Prerequisite: DATA132, MATH203
Status: specified"
prerequisite,86,"Course Code: DATA301
Course Title: Machine Learning
Prerequisite: DATA206, MATH301
Status: specified"
prerequisite,87,"Course Code: DATA403
Course Title: Natural Language Processing
Prerequisite: DATA302
Status: specified"
prerequisite,88,"Course Code: MATH401/COMP401
Course Title: SPT-Course #1-Probabilistic Graph Models LTP: 3-0-2/Web Framework LTP: 2-0-4
Prerequisite: NIL/NIL
Status: specified"
prerequisite,89,"Course Code: TBA/COMP405
Course Title: SPT-Course #3 (Image Processing and Computer Vision/Cloud & Cognitive Computing)
Prerequisite: TBA/NIL
Status: unknown"
prerequisite,90,"Course Code: MGMT101
Course Title: Essentials of Business Management
Prerequisite: Nil
Status: none"
prerequisite,91,"Course Code: DATA802
Course Title: Inter-Desciplinary Project
Prerequisite: NIL
Status: none"
prerequisite,92,"Course Code: PSCY102/ECON105
Course Title: Introduction to Psychology/Principles of Economics
Prerequisite: NIL
Status: none"
prerequisite,93,"Course Code: DATA803
Course Title: Capstone Project/ Industrial Internship
Prerequisite: NIL
Status: none"
prerequisite,94,"Course Code: UCOR107
Course Title: Communication Skills
Prerequisite: Nil
Status: none"
prerequisite,95,"Course Code: MATH210
Course Title: Advanced Statistical Analysis and Research Methods
Prerequisite: MATH203
Status: specified"
prerequisite,96,"Course Code: COMP133
Course Title: Design Workshop
Prerequisite: Nil
Status: none"
prerequisite,97,"Course Code: COMP211
Course Title: Operating Systems
Prerequisite: Nil
Status: none"
prerequisite,98,"Course Code: COMP208
Course Title: Networks
Prerequisite: Nil
Status: none"
prerequisite,99,"Course Code: TBA
Course Title: Compiler Design
Prerequisite: Nil
Status: none"
prerequisite,100,"Course Code: PSYC105/ECON106
Course Title: Introduction to Psychology/Principles of Economics
Prerequisite: NIL
Status: none"
minor_course,0,"Minor: Law Minor
Batch: 2023
Course Code: LAWM305
Course Title: Regulating platform and Gig workers
Credits: 4
Semester: 5
Prerequisite: nan
Source Sheet: Law Minor
Source Row: 3"
minor_course,1,"Minor: Law Minor
Batch: 2023
Course Code: LAWE200
Course Title: Moral Philosophy and Justice
Credits: 2
Semester: 6
Prerequisite: nan
Source Sheet: Law Minor
Source Row: 4"
minor_course,2,"Minor: Law Minor
Batch: 2023
Course Code: LAWC410
Course Title: Introduction to Alternative Dispute Resolution Methods
Credits: 3
Semester: 6
Prerequisite: nan
Source Sheet: Law Minor
Source Row: 5"
minor_course,3,"Minor: Law Minor
Batch: 2023
Course Code: LAWB210
Course Title: Criminology and Victimology
Credits: 4
Semester: 6
Prerequisite: nan
Source Sheet: Law Minor
Source Row: 6"
minor_course,4,"Minor: Law Minor
Batch: 2023
Course Code: LAWM306
Course Title: Law Relating to start-ups
Credits: 4
Semester: 7
Prerequisite: nan
Source Sheet: Law Minor
Source Row: 7"
minor_course,5,"Minor: Law Minor
Batch: 2023
Course Code: LAWE301
Course Title: Intellectual Property Rights
Credits: 2
Semester: 7
Prerequisite: nan
Source Sheet: Law Minor
Source Row: 8"
minor_course,6,"Minor: Law Minor
Batch: 2024
Course Code: LAWP100
Course Title: Political Science I
Credits: 3
Semester: 3
Prerequisite: nan
Source Sheet: Law Minor
Source Row: 11"
minor_course,7,"Minor: Law Minor
Batch: 2024
Course Code: LAWS301
Course Title: Legal Methods
Credits: 3
Semester: 3
Prerequisite: nan
Source Sheet: Law Minor
Source Row: 12"
minor_course,8,"Minor: Law Minor
Batch: 2024
Course Code: LAWM301
Course Title: Constitution for Citizens
Credits: 4
Semester: 4
Prerequisite: nan
Source Sheet: Law Minor
Source Row: 13"
minor_course,9,"Minor: Law Minor
Batch: 2024
Course Code: LAWM302
Course Title: Basics of International Law
Credits: 4
Semester: 5
Prerequisite: nan
Source Sheet: Law Minor
Source Row: 14"
minor_course,10,"Minor: Law Minor
Batch: 2025
Course Code: LAWS301
Course Title: Legal Methods
Credits: 3
Semester: 3
Prerequisite: nan
Source Sheet: Law Minor
Source Row: 17"
minor_course,11,"Minor: Law Minor
Batch: 2025
Course Code: LAWP101
Course Title: Introduction to Political science
Credits: 4
Semester: 2
Prerequisite: nan
Source Sheet: Law Minor
Source Row: 18"
minor_course,12,"Minor: Design Minor
Batch: 2022
Course Code: CDES105
Course Title: Appreciating and Deconstructing Art and Media
Credits: 3
Semester: 3
Prerequisite: nan
Source Sheet: Design Minor
Source Row: 2"
minor_course,13,"Minor: Design Minor
Batch: 2022
Course Code: CDES203
Course Title: Motion Graphic Design
Credits: 2
Semester: 5
Prerequisite: nan
Source Sheet: Design Minor
Source Row: 3"
minor_course,14,"Minor: Design Minor
Batch: 2022
Course Code: CDES504
Course Title: Environment Design and Communication
Credits: 2
Semester: 5
Prerequisite: nan
Source Sheet: Design Minor
Source Row: 4"
minor_course,15,"Minor: Design Minor
Batch: 2022
Course Code: CDES704
Course Title: Integrative Studio VI- Exhibition/Museum
Credits: 4
Semester: 6
Prerequisite: nan
Source Sheet: Design Minor
Source Row: 5"
minor_course,16,"Minor: Design Minor
Batch: 2022
Course Code: CDES402
Course Title: Interaction Design- UI UX
Credits: 4
Semester: 6
Prerequisite: nan
Source Sheet: Design Minor
Source Row: 6"
minor_course,17,"Minor: Design Minor
Batch: 2022
Course Code: CDES216
Course Title: Drawing and Moving Images
Credits: 2
Semester: 7
Prerequisite: nan
Source Sheet: Design Minor
Source Row: 7"
minor_course,18,"Minor: Design Minor
Batch: 2022
Course Code: CDES712
Course Title: Designing Futures
Credits: 3
Semester: 7
Prerequisite: nan
Source Sheet: Design Minor
Source Row: 8"
minor_course,19,"Minor: Design Minor
Batch: 2023
Course Code: CDES105
Course Title: Appreciating and Deconstructing Art and Media
Credits: 3
Semester: 3
Prerequisite: nan
Source Sheet: Design Minor
Source Row: 11"
minor_course,20,"Minor: Design Minor
Batch: 2023
Course Code: CDES702
Course Title: Integrative Studio II- Sensemaking, Visualization
Credits: 4
Semester: 4
Prerequisite: nan
Source Sheet: Design Minor
Source Row: 12"
minor_course,21,"Minor: Design Minor
Batch: 2023
Course Code: CDES221
Course Title: Information Architecture and Design
Credits: 4
Semester: 5
Prerequisite: nan
Source Sheet: Design Minor
Source Row: 13"
minor_course,22,"Minor: Design Minor
Batch: 2023
Course Code: CDES219
Course Title: Elements of Sound
Credits: 4
Semester: 6
Prerequisite: nan
Source Sheet: Design Minor
Source Row: 14"
minor_course,23,"Minor: Design Minor
Batch: 2023
Course Code: CDES301
Course Title: Sketch to Story
Credits: 4
Semester: 6
Prerequisite: nan
Source Sheet: Design Minor
Source Row: 15"
minor_course,24,"Minor: Design Minor
Batch: 2023
Course Code: CDES312
Course Title: Designing Futures
Credits: 5
Semester: 7
Prerequisite: nan
Source Sheet: Design Minor
Source Row: 16"
minor_course,25,"Minor: Design Minor
Batch: 2024
Course Code: CDES217
Course Title: Making with Reframed Media
Credits: 4
Semester: 3
Prerequisite: nan
Source Sheet: Design Minor
Source Row: 18"
minor_course,26,"Minor: Design Minor
Batch: 2024
Course Code: CDES218
Course Title: Frames and Frequencies
Credits: 4
Semester: 4
Prerequisite: nan
Source Sheet: Design Minor
Source Row: 19"
minor_course,27,"Minor: Design Minor
Batch: 2024
Course Code: CDES221
Course Title: Information Architecture and Design
Credits: 4
Semester: 5
Prerequisite: nan
Source Sheet: Design Minor
Source Row: 20"
minor_course,28,"Minor: Design Minor
Batch: 2024
Course Code: CDES227
Course Title: Drawing and Moving Image
Credits: 4
Semester: 5
Prerequisite: nan
Source Sheet: Design Minor
Source Row: 21"
minor_course,29,"Minor: Design Minor
Batch: 2025
Course Code: CDES217
Course Title: Making with Reframed Media
Credits: 4
Semester: 3
Prerequisite: nan
Source Sheet: Design Minor
Source Row: 25"
minor_course,30,"Minor: Psychology
Batch: 2022
Course Code: PSYC201
Course Title: Biological Psychology
Credits: 4
Semester: 3
Prerequisite: nan
Source Sheet: Psychology
Source Row: 2"
minor_course,31,"Minor: Psychology
Batch: 2022
Course Code: PSYC202
Course Title: Cognitive Psychology
Credits: 4
Semester: 4
Prerequisite: nan
Source Sheet: Psychology
Source Row: 3"
minor_course,32,"Minor: Psychology
Batch: 2022
Course Code: PSYC255
Course Title: Psychopathology
Credits: 4
Semester: 5
Prerequisite: nan
Source Sheet: Psychology
Source Row: 4"
minor_course,33,"Minor: Psychology
Batch: 2022
Course Code: PSYC241
Course Title: Social Psychology
Credits: 4
Semester: 6
Prerequisite: nan
Source Sheet: Psychology
Source Row: 5"
minor_course,34,"Minor: Psychology
Batch: 2022
Course Code: PSYC204
Course Title: Developmental Psychology
Credits: 4
Semester: 6
Prerequisite: nan
Source Sheet: Psychology
Source Row: 6"
minor_course,35,"Minor: Psychology
Batch: 2022
Course Code: PSYC303
Course Title: Psychological Testing and Measurement
Credits: 4
Semester: 7
Prerequisite: nan
Source Sheet: Psychology
Source Row: 7"
minor_course,36,"Minor: Psychology
Batch: 2023
Course Code: PSYC201
Course Title: Biological Psychology
Credits: 4
Semester: 3
Prerequisite: nan
Source Sheet: Psychology
Source Row: 9"
minor_course,37,"Minor: Psychology
Batch: 2023
Course Code: PSYC202
Course Title: Cognitive Psychology
Credits: 4
Semester: 4
Prerequisite: nan
Source Sheet: Psychology
Source Row: 10"
minor_course,38,"Minor: Psychology
Batch: 2023
Course Code: PSYC104
Course Title: Lifespan Development I
Credits: 4
Semester: 5
Prerequisite: nan
Source Sheet: Psychology
Source Row: 11"
minor_course,39,"Minor: Psychology
Batch: 2023
Course Code: PSYC241
Course Title: Social Psychology
Credits: 4
Semester: 6
Prerequisite: nan
Source Sheet: Psychology
Source Row: 12"
minor_course,40,"Minor: Psychology
Batch: 2023
Course Code: PSYC306
Course Title: Health Psychology
Credits: 4
Semester: 6
Prerequisite: nan
Source Sheet: Psychology
Source Row: 13"
minor_course,41,"Minor: Psychology
Batch: 2023
Course Code: PSYC255
Course Title: Psychopathology
Credits: 4
Semester: 7
Prerequisite: nan
Source Sheet: Psychology
Source Row: 14"
minor_course,42,"Minor: Psychology
Batch: 2024
Course Code: PSYC201/PSYC103
Course Title: Biological Psychology/ Foundations of Psychology I
Credits: 4
Semester: 3
Prerequisite: nan
Source Sheet: Psychology
Source Row: 16"
minor_course,43,"Minor: Psychology
Batch: 2024
Course Code: PSYC202
Course Title: Cognitive Psychology
Credits: 4
Semester: 4
Prerequisite: nan
Source Sheet: Psychology
Source Row: 17"
minor_course,44,"Minor: Psychology
Batch: 2024
Course Code: PSYC241
Course Title: Social Psychology
Credits: 4
Semester: 5
Prerequisite: nan
Source Sheet: Psychology
Source Row: 18"
minor_course,45,"Minor: Psychology
Batch: 2024
Course Code: PSYC306
Course Title: Health Psychology
Credits: 4
Semester: 6
Prerequisite: nan
Source Sheet: Psychology
Source Row: 19"
minor_course,46,"Minor: Psychology
Batch: 2024
Course Code: PSYC104
Course Title: Lifespan Development I
Credits: 4
Semester: 6
Prerequisite: nan
Source Sheet: Psychology
Source Row: 20"
minor_course,47,"Minor: Psychology
Batch: 2024
Course Code: PSYC255
Course Title: Psychopathology
Credits: 4
Semester: 7
Prerequisite: nan
Source Sheet: Psychology
Source Row: 21"
minor_course,48,"Minor: Psychology
Batch: 2025
Course Code: PSYC201/PSYC103
Course Title: Biological Psychology/ Foundations of Psychology I
Credits: 4
Semester: 3
Prerequisite: nan
Source Sheet: Psychology
Source Row: 23"
minor_course,49,"Minor: Psychology
Batch: 2025
Course Code: PSYC202
Course Title: Cognitive Psychology
Credits: 4
Semester: 4
Prerequisite: nan
Source Sheet: Psychology
Source Row: 24"
minor_course,50,"Minor: Psychology
Batch: 2025
Course Code: PSYC241
Course Title: Social Psychology
Credits: 4
Semester: 5
Prerequisite: nan
Source Sheet: Psychology
Source Row: 25"
minor_course,51,"Minor: Psychology
Batch: 2025
Course Code: PSYC306
Course Title: Health Psychology
Credits: 4
Semester: 6
Prerequisite: nan
Source Sheet: Psychology
Source Row: 26"
minor_course,52,"Minor: Psychology
Batch: 2025
Course Code: PSYC104
Course Title: Lifespan Development I
Credits: 4
Semester: 6
Prerequisite: nan
Source Sheet: Psychology
Source Row: 27"
minor_course,53,"Minor: Psychology
Batch: 2025
Course Code: PSYC255
Course Title: Psychopathology
Credits: 4
Semester: 7
Prerequisite: nan
Source Sheet: Psychology
Source Row: 28"
minor_course,54,"Minor: Psychology
Batch: 2026
Course Code: PSYC201/PSYC103
Course Title: Biological Psychology/ Foundations of Psychology I
Credits: 4
Semester: 3
Prerequisite: nan
Source Sheet: Psychology
Source Row: 30"
minor_course,55,"Minor: Psychology
Batch: 2026
Course Code: PSYC202
Course Title: Cognitive Psychology
Credits: 4
Semester: 4
Prerequisite: nan
Source Sheet: Psychology
Source Row: 31"
minor_course,56,"Minor: Psychology
Batch: 2026
Course Code: PSYC241
Course Title: Social Psychology
Credits: 4
Semester: 5
Prerequisite: nan
Source Sheet: Psychology
Source Row: 32"
minor_course,57,"Minor: Psychology
Batch: 2026
Course Code: PSYC306
Course Title: Health Psychology
Credits: 4
Semester: 6
Prerequisite: nan
Source Sheet: Psychology
Source Row: 33"
minor_course,58,"Minor: Psychology
Batch: 2026
Course Code: PSYC104
Course Title: Lifespan Development I
Credits: 4
Semester: 6
Prerequisite: nan
Source Sheet: Psychology
Source Row: 34"
minor_course,59,"Minor: Psychology
Batch: 2026
Course Code: PSYC255
Course Title: Psychopathology
Credits: 4
Semester: 7
Prerequisite: nan
Source Sheet: Psychology
Source Row: 35"
minor_course,60,"Minor: Economics
Batch: 2022
Course Code: ECON201
Course Title: Microeconomics
Credits: 4
Semester: 3
Prerequisite: nan
Source Sheet: Economics
Source Row: 2"
minor_course,61,"Minor: Economics
Batch: 2022
Course Code: ECON220
Course Title: Behavourial Economics
Credits: 4
Semester: 4
Prerequisite: nan
Source Sheet: Economics
Source Row: 3"
minor_course,62,"Minor: Economics
Batch: 2022
Course Code: ECON207
Course Title: Macroeconomics and Applicants to Indian Economy
Credits: 4
Semester: 5
Prerequisite: nan
Source Sheet: Economics
Source Row: 4"
minor_course,63,"Minor: Economics
Batch: 2022
Course Code: ECON413
Course Title: Industrial Economics
Credits: 4
Semester: 6
Prerequisite: nan
Source Sheet: Economics
Source Row: 5"
minor_course,64,"Minor: Economics
Batch: 2022
Course Code: ECON325
Course Title: Public Economics
Credits: 4
Semester: 6
Prerequisite: nan
Source Sheet: Economics
Source Row: 6"
minor_course,65,"Minor: Economics
Batch: 2022
Course Code: ECON316
Course Title: Digital Economics
Credits: 4
Semester: 7
Prerequisite: nan
Source Sheet: Economics
Source Row: 7"
minor_course,66,"Minor: Economics
Batch: 2023
Course Code: ECON201
Course Title: Microeconomics
Credits: 4
Semester: 3
Prerequisite: nan
Source Sheet: Economics
Source Row: 9"
minor_course,67,"Minor: Economics
Batch: 2023
Course Code: ECON209
Course Title: Macroeconomics I
Credits: 4
Semester: 4
Prerequisite: nan
Source Sheet: Economics
Source Row: 10"
minor_course,68,"Minor: Economics
Batch: 2023
Course Code: ECON316
Course Title: Digital Economics
Credits: 4
Semester: 5
Prerequisite: nan
Source Sheet: Economics
Source Row: 11"
minor_course,69,"Minor: Economics
Batch: 2023
Course Code: ECON315
Course Title: Indian Economy
Credits: 4
Semester: 6
Prerequisite: nan
Source Sheet: Economics
Source Row: 12"
minor_course,70,"Minor: Economics
Batch: 2023
Course Code: ECON322
Course Title: Economics of Health and Education
Credits: 4
Semester: 6
Prerequisite: nan
Source Sheet: Economics
Source Row: 13"
minor_course,71,"Minor: Economics
Batch: 2023
Course Code: ECON301
Course Title: International Economics
Credits: 4
Semester: 7
Prerequisite: nan
Source Sheet: Economics
Source Row: 14"
minor_course,72,"Minor: Economics
Batch: 2025
Course Code: ECON208
Course Title: Microeconomics I
Credits: 4
Semester: 3
Prerequisite: nan
Source Sheet: Economics
Source Row: 18"
minor_course,73,"Minor: Economics
Batch: 2025
Course Code: ECON209
Course Title: Macroeconomics I
Credits: 4
Semester: 4
Prerequisite: nan
Source Sheet: Economics
Source Row: 19"
minor_course,74,"Minor: Economics
Batch: 2025
Course Code: ECON316
Course Title: Digital Economics
Credits: 4
Semester: 5
Prerequisite: nan
Source Sheet: Economics
Source Row: 20"
minor_course,75,"Minor: Economics
Batch: 2025
Course Code: ECON315
Course Title: Indian Economy
Credits: 4
Semester: 6
Prerequisite: nan
Source Sheet: Economics
Source Row: 21"
minor_course,76,"Minor: Economics
Batch: 2025
Course Code: ECON346
Course Title: Financial Economics
Credits: 4
Semester: 6
Prerequisite: nan
Source Sheet: Economics
Source Row: 22"
minor_course,77,"Minor: Economics
Batch: 2025
Course Code: ECON301
Course Title: International Economics
Credits: 4
Semester: 7
Prerequisite: nan
Source Sheet: Economics
Source Row: 23"
minor_course,78,"Minor: Economics
Batch: 2026
Course Code: ECON208
Course Title: Microeconomics I
Credits: 4
Semester: 3
Prerequisite: nan
Source Sheet: Economics
Source Row: 25"
minor_course,79,"Minor: Economics
Batch: 2026
Course Code: ECON209
Course Title: Macroeconomics I
Credits: 4
Semester: 4
Prerequisite: nan
Source Sheet: Economics
Source Row: 26"
minor_course,80,"Minor: Economics
Batch: 2026
Course Code: ECON316
Course Title: Digital Economics
Credits: 4
Semester: 5
Prerequisite: nan
Source Sheet: Economics
Source Row: 27"
minor_course,81,"Minor: Economics
Batch: 2026
Course Code: ECON315
Course Title: Indian Economy
Credits: 4
Semester: 6
Prerequisite: nan
Source Sheet: Economics
Source Row: 28"
minor_course,82,"Minor: Economics
Batch: 2026
Course Code: ECON346
Course Title: Financial Economics
Credits: 4
Semester: 6
Prerequisite: nan
Source Sheet: Economics
Source Row: 29"
minor_course,83,"Minor: Economics
Batch: 2026
Course Code: ECON301
Course Title: International Economics
Credits: 4
Semester: 7
Prerequisite: nan
Source Sheet: Economics
Source Row: 30"
minor_course,84,"Minor: Finance
Batch: 2022
Course Code: DON’T KNOW
Course Title: Financial and Management Accounting (FAMA)
Credits: 3
Semester: 3
Prerequisite: nan
Source Sheet: Finance
Source Row: 3"
minor_course,85,"Minor: Finance
Batch: 2022
Course Code: FINA333
Course Title: Fiancial Institutions Markets and Services
Credits: 3
Semester: 4
Prerequisite: nan
Source Sheet: Finance
Source Row: 4"
minor_course,86,"Minor: Finance
Batch: 2022
Course Code: MGMT207
Course Title: Corporate Finance
Credits: 3
Semester: 5
Prerequisite: nan
Source Sheet: Finance
Source Row: 5"
minor_course,87,"Minor: Finance
Batch: 2022
Course Code: MGMT209
Course Title: Financial Statement Anaylsis
Credits: 3
Semester: 6
Prerequisite: nan
Source Sheet: Finance
Source Row: 6"
minor_course,88,"Minor: Finance
Batch: 2022
Course Code: MGMT210
Course Title: Basics of INVESTMENT MANAGEMENT
Credits: 4
Semester: 6
Prerequisite: nan
Source Sheet: Finance
Source Row: 7"
minor_course,89,"Minor: Finance
Batch: 2022
Course Code: MGMT213
Course Title: Introduction To Fintech
Credits: 2
Semester: 7
Prerequisite: nan
Source Sheet: Finance
Source Row: 8"
minor_course,90,"Minor: Finance
Batch: 2022
Course Code: MGMT323
Course Title: Basics of Startup Finance
Credits: 4
Semester: 7
Prerequisite: nan
Source Sheet: Finance
Source Row: 9"
minor_course,91,"Minor: Finance
Batch: 2022
Course Code: MGMT203
Course Title: Business Strategy Simulation
Credits: 2
Semester: 7
Prerequisite: nan
Source Sheet: Finance
Source Row: 10"
minor_course,92,"Minor: Finance
Batch: 2023
Course Code: MGMT208
Course Title: Introduction to Financial Accounting
Credits: 3
Semester: 3
Prerequisite: nan
Source Sheet: Finance
Source Row: 14"
minor_course,93,"Minor: Finance
Batch: 2023
Course Code: FINA333
Course Title: Fiancial Institutions Markets and Services
Credits: 3
Semester: 4
Prerequisite: nan
Source Sheet: Finance
Source Row: 15"
minor_course,94,"Minor: Finance
Batch: 2023
Course Code: MGMT207
Course Title: Corporate Finance
Credits: 3
Semester: 5
Prerequisite: nan
Source Sheet: Finance
Source Row: 16"
minor_course,95,"Minor: Finance
Batch: 2023
Course Code: MGMT209
Course Title: Finacial Statement Analysis
Credits: 3
Semester: 6
Prerequisite: nan
Source Sheet: Finance
Source Row: 17"
minor_course,96,"Minor: Finance
Batch: 2023
Course Code: MGMT210
Course Title: Basics of Investment Management
Credits: 4
Semester: 6
Prerequisite: nan
Source Sheet: Finance
Source Row: 18"
minor_course,97,"Minor: Finance
Batch: 2023
Course Code: MGMT323
Course Title: Basics of Startup Finance
Credits: 4
Semester: 6
Prerequisite: nan
Source Sheet: Finance
Source Row: 19"
minor_course,98,"Minor: Finance
Batch: 2023
Course Code: MGMT213
Course Title: Introduction To Fintech
Credits: 2
Semester: 7
Prerequisite: nan
Source Sheet: Finance
Source Row: 20"
minor_course,99,"Minor: Finance
Batch: 2023
Course Code: MGMT307
Course Title: Strategy & Decision Making
Credits: 2
Semester: 7
Prerequisite: nan
Source Sheet: Finance
Source Row: 21"
minor_course,100,"Minor: Finance
Batch: 2024
Course Code: MGMT208
Course Title: Introduction to Financial Accounting
Credits: 3
Semester: 3
Prerequisite: nan
Source Sheet: Finance
Source Row: 25"
minor_course,101,"Minor: Finance
Batch: 2024
Course Code: FINA333
Course Title: Fiancial Institutions Markets and Services
Credits: 3
Semester: 4
Prerequisite: nan
Source Sheet: Finance
Source Row: 26"
minor_course,102,"Minor: Finance
Batch: 2024
Course Code: MGMT207
Course Title: Corporate Finance
Credits: 3
Semester: 5
Prerequisite: nan
Source Sheet: Finance
Source Row: 27"
minor_course,103,"Minor: Finance
Batch: 2024
Course Code: MGMT209
Course Title: Finacial Statement Analysis
Credits: 3
Semester: 5
Prerequisite: nan
Source Sheet: Finance
Source Row: 28"
minor_course,104,"Minor: Finance
Batch: 2024
Course Code: MGMT210
Course Title: Basics of Investment Management
Credits: 4
Semester: 6
Prerequisite: nan
Source Sheet: Finance
Source Row: 29"
minor_course,105,"Minor: Finance
Batch: 2024
Course Code: MGMT323
Course Title: Basics of Startup Finance
Credits: 4
Semester: 6
Prerequisite: nan
Source Sheet: Finance
Source Row: 30"
minor_course,106,"Minor: Finance
Batch: 2024
Course Code: MGMT213
Course Title: Introduction To Fintech
Credits: 2
Semester: 7
Prerequisite: nan
Source Sheet: Finance
Source Row: 31"
minor_course,107,"Minor: Finance
Batch: 2024
Course Code: MGMT307
Course Title: Strategy & Decision Making
Credits: 2
Semester: 7
Prerequisite: nan
Source Sheet: Finance
Source Row: 32"
minor_course,108,"Minor: Finance
Batch: 2025
Course Code: MGMT330
Course Title: Introduction to Financial Accounting (R )
Credits: 4
Semester: 3
Prerequisite: nan
Source Sheet: Finance
Source Row: 36"
minor_course,109,"Minor: Finance
Batch: 2025
Course Code: NEW
Course Title: Financial Institutions Markets & Services with Fintech (GIVE NEW NAME)
Credits: 4
Semester: 4
Prerequisite: nan
Source Sheet: Finance
Source Row: 37"
minor_course,110,"Minor: Finance
Batch: 2025
Course Code: NEW
Course Title: Corporate Finance New Name
Credits: 4
Semester: 5
Prerequisite: nan
Source Sheet: Finance
Source Row: 38"
minor_course,111,"Minor: Finance
Batch: 2025
Course Code: MGMT210
Course Title: Basics of Investment Management
Credits: 4
Semester: 6
Prerequisite: nan
Source Sheet: Finance
Source Row: 39"
minor_course,112,"Minor: Finance
Batch: 2025
Course Code: MGMT213
Course Title: Introduction To Fintech
Credits: 2
Semester: 6
Prerequisite: nan
Source Sheet: Finance
Source Row: 40"
minor_course,113,"Minor: Finance
Batch: 2025
Course Code: MGMT323
Course Title: Basics of Startup Finance
Credits: 4
Semester: 7
Prerequisite: nan
Source Sheet: Finance
Source Row: 41"
minor_course,114,"Minor: Finance
Batch: 2026
Course Code: MGMT330
Course Title: Introduction to Financial Accounting (R)
Credits: 4
Semester: 3
Prerequisite: nan
Source Sheet: Finance
Source Row: 46"
minor_course,115,"Minor: Marketing
Batch: 2022
Course Code: DON’T KNOW
Course Title: Marketing Management
Credits: 3
Semester: 3
Prerequisite: nan
Source Sheet: Marketing
Source Row: 4"
minor_course,116,"Minor: Marketing
Batch: 2022
Course Code: MGMT302
Course Title: Digital and Ecommerce Marketing
Credits: 4
Semester: 4
Prerequisite: nan
Source Sheet: Marketing
Source Row: 5"
minor_course,117,"Minor: Marketing
Batch: 2022
Course Code: MGMT304
Course Title: Integrated Marketing Communications
Credits: 3
Semester: 5
Prerequisite: nan
Source Sheet: Marketing
Source Row: 6"
minor_course,118,"Minor: Marketing
Batch: 2022
Course Code: MGMT314
Course Title: Sales and distribution management
Credits: 4
Semester: 6
Prerequisite: nan
Source Sheet: Marketing
Source Row: 7"
minor_course,119,"Minor: Marketing
Batch: 2022
Course Code: MGMT320
Course Title: Marketing Analytics
Credits: 2
Semester: 7
Prerequisite: nan
Source Sheet: Marketing
Source Row: 8"
minor_course,120,"Minor: Marketing
Batch: 2022
Course Code: MGMT305
Course Title: Services Marketing
Credits: 3
Semester: 7
Prerequisite: nan
Source Sheet: Marketing
Source Row: 9"
minor_course,121,"Minor: Marketing
Batch: 2022
Course Code: MGMT211
Course Title: Brand Management
Credits: 3
Semester: 7
Prerequisite: nan
Source Sheet: Marketing
Source Row: 10"
minor_course,122,"Minor: Marketing
Batch: 2022
Course Code: MGMT203
Course Title: Business Strategy Simulation
Credits: 2
Semester: 7
Prerequisite: nan
Source Sheet: Marketing
Source Row: 11"
minor_course,123,"Minor: Marketing
Batch: 2023
Course Code: MKTG201
Course Title: Marketing Management
Credits: 3
Semester: 3
Prerequisite: nan
Source Sheet: Marketing
Source Row: 15"
minor_course,124,"Minor: Marketing
Batch: 2023
Course Code: MGMT302
Course Title: Digital and Ecommerce Marketing
Credits: 4
Semester: 4
Prerequisite: nan
Source Sheet: Marketing
Source Row: 16"
minor_course,125,"Minor: Marketing
Batch: 2023
Course Code: MGMT304
Course Title: Integrated Marketing Communications
Credits: 3
Semester: 5
Prerequisite: nan
Source Sheet: Marketing
Source Row: 17"
minor_course,126,"Minor: Marketing
Batch: 2023
Course Code: MGMT314
Course Title: Sales and Distribution Management
Credits: 4
Semester: 6
Prerequisite: nan
Source Sheet: Marketing
Source Row: 18"
minor_course,127,"Minor: Marketing
Batch: 2023
Course Code: MGMT305
Course Title: Services Marketing
Credits: 3
Semester: 6
Prerequisite: nan
Source Sheet: Marketing
Source Row: 19"
minor_course,128,"Minor: Marketing
Batch: 2023
Course Code: MGMT211
Course Title: Brand Management
Credits: 3
Semester: 6
Prerequisite: nan
Source Sheet: Marketing
Source Row: 20"
minor_course,129,"Minor: Marketing
Batch: 2023
Course Code: MGMT320
Course Title: Marketing Analytics
Credits: 2
Semester: 7
Prerequisite: nan
Source Sheet: Marketing
Source Row: 21"
minor_course,130,"Minor: Marketing
Batch: 2023
Course Code: MGMT307
Course Title: Strategy & Decision Making
Credits: 2
Semester: 7
Prerequisite: nan
Source Sheet: Marketing
Source Row: 22"
minor_course,131,"Minor: Marketing
Batch: 2024
Course Code: MKTG201
Course Title: Marketing Management
Credits: 3
Semester: 3
Prerequisite: nan
Source Sheet: Marketing
Source Row: 26"
minor_course,132,"Minor: Marketing
Batch: 2024
Course Code: MGMT302
Course Title: Digital and Ecommerce Marketing
Credits: 4
Semester: 4
Prerequisite: nan
Source Sheet: Marketing
Source Row: 27"
minor_course,133,"Minor: Marketing
Batch: 2024
Course Code: MGMT305
Course Title: Services Marketing
Credits: 3
Semester: 5
Prerequisite: nan
Source Sheet: Marketing
Source Row: 28"
minor_course,134,"Minor: Marketing
Batch: 2024
Course Code: MGMT304
Course Title: Integrated Marketing Communications
Credits: 3
Semester: 5
Prerequisite: nan
Source Sheet: Marketing
Source Row: 29"
minor_course,135,"Minor: Marketing
Batch: 2024
Course Code: MGMT314
Course Title: Sales and Distribution Management
Credits: 4
Semester: 6
Prerequisite: nan
Source Sheet: Marketing
Source Row: 30"
minor_course,136,"Minor: Marketing
Batch: 2024
Course Code: MGMT211
Course Title: Brand Management
Credits: 3
Semester: 6
Prerequisite: nan
Source Sheet: Marketing
Source Row: 31"
minor_course,137,"Minor: Marketing
Batch: 2024
Course Code: MGMT320
Course Title: Marketing Analytics
Credits: 2
Semester: 7
Prerequisite: nan
Source Sheet: Marketing
Source Row: 32"
minor_course,138,"Minor: Marketing
Batch: 2024
Course Code: MGMT307
Course Title: Strategy & Decision Making
Credits: 2
Semester: 7
Prerequisite: nan
Source Sheet: Marketing
Source Row: 33"
minor_course,139,"Minor: Marketing
Batch: 2025
Course Code: MGMT328
Course Title: Foundation of Marketing Management
Credits: 4
Semester: 3
Prerequisite: nan
Source Sheet: Marketing
Source Row: 37"
minor_course,140,"Minor: Marketing
Batch: 2025
Course Code: MGMT302
Course Title: Digital and Ecommerce Marketing
Credits: 4
Semester: 4
Prerequisite: nan
Source Sheet: Marketing
Source Row: 38"
minor_course,141,"Minor: Marketing
Batch: 2025
Course Code: MGMT304
Course Title: Integrated Marketing Communications
Credits: 3
Semester: 5
Prerequisite: nan
Source Sheet: Marketing
Source Row: 39"
minor_course,142,"Minor: Marketing
Batch: 2025
Course Code: NEW
Course Title: Services Marketing
Credits: 4
Semester: 5
Prerequisite: nan
Source Sheet: Marketing
Source Row: 40"
minor_course,143,"Minor: Marketing
Batch: 2025
Course Code: MGMT314
Course Title: Sales and Distribution Management
Credits: 4
Semester: 6
Prerequisite: nan
Source Sheet: Marketing
Source Row: 41"
minor_course,144,"Minor: Marketing
Batch: 2026
Course Code: MGMT328
Course Title: Foundations of Marketing Management
Credits: 4
Semester: 3
Prerequisite: nan
Source Sheet: Marketing
Source Row: 46"
minor_course,145,"Minor: Start-up
Batch: 2024
Course Code: MGMT326
Course Title: Product Development
Credits: 4
Semester: 4
Prerequisite: nan
Source Sheet: Start-up
Source Row: 3"
minor_course,146,"Minor: Start-up
Batch: 2024
Course Code: MGMT336
Course Title: Design Thinking for Entrepreneurship
Credits: 4
Semester: 5
Prerequisite: nan
Source Sheet: Start-up
Source Row: 4"
minor_course,147,"Minor: Start-up
Batch: 2025
Course Code: MGMT330
Course Title: Introduction to Financial Accounting (R )
Credits: 4
Semester: 3
Prerequisite: nan
Source Sheet: Start-up
Source Row: 9"
minor_course,148,"Minor: Start-up
Batch: 2025
Course Code: MGMT328
Course Title: Foundation of Marketing Management
Credits: 4
Semester: 3
Prerequisite: nan
Source Sheet: Start-up
Source Row: 10"
minor_course,149,"Minor: Start-up
Batch: 2025
Course Code: MGMT336
Course Title: Design Thinking for Entrepreneurship
Credits: 4
Semester: 5
Prerequisite: nan
Source Sheet: Start-up
Source Row: 11"
minor_course,150,"Minor: Start-up
Batch: 2025
Course Code: MGMT213
Course Title: Introduction To Fintech
Credits: 2
Semester: 6
Prerequisite: nan
Source Sheet: Start-up
Source Row: 12"
programme_structure,0,"Academic Structure: Struct_2022
Category: University CORE - Courses
Course Title: Communication skills
Credits: 2.0
Source Sheet: Struct_2022
Source Row: 3"
programme_structure,1,"Academic Structure: Struct_2022
Category: University CORE - Courses
Course Title: Problem Solving with Design Thinking
Credits: 2.0
Source Sheet: Struct_2022
Source Row: 4"
programme_structure,2,"Academic Structure: Struct_2022
Category: University CORE - Courses
Course Title: Introduction to Writing
Credits: 2.0
Source Sheet: Struct_2022
Source Row: 5"
programme_structure,3,"Academic Structure: Struct_2022
Category: University CORE - Courses
Course Title: Socio Cultural Perspectives on Indian Life-SPIL
Credits: 3.0
Source Sheet: Struct_2022
Source Row: 6"
programme_structure,4,"Academic Structure: Struct_2022
Category: University CORE - Courses
Course Title: Leadership and Teamwork Skills
Credits: 2.0
Source Sheet: Struct_2022
Source Row: 7"
programme_structure,5,"Academic Structure: Struct_2022
Category: University CORE - Courses
Course Title: Learning to Learn
Credits: 2.0
Source Sheet: Struct_2022
Source Row: 8"
programme_structure,6,"Academic Structure: Struct_2022
Category: University CORE - Courses
Course Title: Critical Thinking
Credits: 2.0
Source Sheet: Struct_2022
Source Row: 9"
programme_structure,7,"Academic Structure: Struct_2022
Category: University CORE - Courses
Course Title: Introduction to Epistemology
Credits: 2.0
Source Sheet: Struct_2022
Source Row: 10"
programme_structure,8,"Academic Structure: Struct_2022
Category: University CORE - Courses
Course Title: Community Engagement and Service Experience
Credits: 1.0
Source Sheet: Struct_2022
Source Row: 11"
programme_structure,9,"Academic Structure: Struct_2022
Category: Foundation Courses
Course Title: Academic Writing
Credits: 3.0
Source Sheet: Struct_2022
Source Row: 2"
programme_structure,10,"Academic Structure: Struct_2022
Category: Foundation Courses
Course Title: Human Values in work and Life
Credits: 2.0
Source Sheet: Struct_2022
Source Row: 3"
programme_structure,11,"Academic Structure: Struct_2022
Category: Foundation Courses
Course Title: Sustainable Cities and Communities
Credits: 3.0
Source Sheet: Struct_2022
Source Row: 4"
programme_structure,12,"Academic Structure: Struct_2022
Category: Foundation Courses
Course Title: Materials for Smart devices
Credits: 3.0
Source Sheet: Struct_2022
Source Row: 5"
programme_structure,13,"Academic Structure: Struct_2022
Category: Foundation Courses
Course Title: Sustainable Smart Materials
Credits: 3.0
Source Sheet: Struct_2022
Source Row: 6"
programme_structure,14,"Academic Structure: Struct_2022
Category: Foundation Courses
Course Title: Introduction to Psychology/Introduction to Economics
Credits: 3.0
Source Sheet: Struct_2022
Source Row: 7"
programme_structure,15,"Academic Structure: Struct_2022
Category: Foundation Courses
Course Title: Design Workshop
Credits: 2.0
Source Sheet: Struct_2022
Source Row: 8"
programme_structure,16,"Academic Structure: Struct_2022
Category: Foundation Courses
Course Title: Calculus
Credits: 3.0
Source Sheet: Struct_2022
Source Row: 9"
programme_structure,17,"Academic Structure: Struct_2022
Category: Foundation Courses
Course Title: Probability Theory
Credits: 3.0
Source Sheet: Struct_2022
Source Row: 10"
programme_structure,18,"Academic Structure: Struct_2022
Category: Foundation Courses
Course Title: Linear Algebra
Credits: 3.0
Source Sheet: Struct_2022
Source Row: 11"
programme_structure,19,"Academic Structure: Struct_2022
Category: Foundation Courses
Course Title: Visualizing Data for Story Telling
Credits: 2.0
Source Sheet: Struct_2022
Source Row: 12"
programme_structure,20,"Academic Structure: Struct_2022
Category: Foundation Courses
Course Title: Language
Credits: 3.0
Source Sheet: Struct_2022
Source Row: 13"
programme_structure,21,"Academic Structure: Struct_2022
Category: Foundation Courses
Course Title: Foundation Seminar
Credits: 1.0
Source Sheet: Struct_2022
Source Row: 14"
programme_structure,22,"Academic Structure: Struct_2022
Category: Program Core - Courses
Course Title: Computational Thinking
Credits: 3.0
Source Sheet: Struct_2022
Source Row: 3"
programme_structure,23,"Academic Structure: Struct_2022
Category: Program Core - Courses
Course Title: Data Structures
Credits: 4.0
Source Sheet: Struct_2022
Source Row: 4"
programme_structure,24,"Academic Structure: Struct_2022
Category: Program Core - Courses
Course Title: Theoretical Computer Science
Credits: 4.0
Source Sheet: Struct_2022
Source Row: 5"
programme_structure,25,"Academic Structure: Struct_2022
Category: Program Core - Courses
Course Title: Analysis of Algorithms
Credits: 4.0
Source Sheet: Struct_2022
Source Row: 6"
programme_structure,26,"Academic Structure: Struct_2022
Category: Program Core - Courses
Course Title: Digital Design and Computer Organization
Credits: 4.0
Source Sheet: Struct_2022
Source Row: 7"
programme_structure,27,"Academic Structure: Struct_2022
Category: Program Core - Courses
Course Title: Object Oriented Programming
Credits: 3.0
Source Sheet: Struct_2022
Source Row: 8"
programme_structure,28,"Academic Structure: Struct_2022
Category: Program Core - Courses
Course Title: Microprocessors and Computer Architecture
Credits: 4.0
Source Sheet: Struct_2022
Source Row: 9"
programme_structure,29,"Academic Structure: Struct_2022
Category: Program Core - Courses
Course Title: Operating Systems
Credits: 3.0
Source Sheet: Struct_2022
Source Row: 10"
programme_structure,30,"Academic Structure: Struct_2022
Category: Program Core - Courses
Course Title: Networks
Credits: 4.0
Source Sheet: Struct_2022
Source Row: 11"
programme_structure,31,"Academic Structure: Struct_2022
Category: Program Core - Courses
Course Title: Databases Management
Credits: 4.0
Source Sheet: Struct_2022
Source Row: 12"
programme_structure,32,"Academic Structure: Struct_2022
Category: Program Core - Courses
Course Title: Statistics with R
Credits: 3.0
Source Sheet: Struct_2022
Source Row: 13"
programme_structure,33,"Academic Structure: Struct_2022
Category: Program Core - Courses
Course Title: Artificial Intelligence
Credits: 4.0
Source Sheet: Struct_2022
Source Row: 14"
programme_structure,34,"Academic Structure: Struct_2022
Category: Program Core - Courses
Course Title: Internet of Things
Credits: 2.0
Source Sheet: Struct_2022
Source Row: 15"
programme_structure,35,"Academic Structure: Struct_2022
Category: Program Hons - Courses
Course Title: Foundations to Data Science
Credits: 3.0
Source Sheet: Struct_2022
Source Row: 3"
programme_structure,36,"Academic Structure: Struct_2022
Category: Program Hons - Courses
Course Title: Exploratory Data Analysis
Credits: 3.0
Source Sheet: Struct_2022
Source Row: 4"
programme_structure,37,"Academic Structure: Struct_2022
Category: Program Hons - Courses
Course Title: Human Centric AI
Credits: 2.0
Source Sheet: Struct_2022
Source Row: 5"
programme_structure,38,"Academic Structure: Struct_2022
Category: Program Hons - Courses
Course Title: Machine Learning
Credits: 4.0
Source Sheet: Struct_2022
Source Row: 6"
programme_structure,39,"Academic Structure: Struct_2022
Category: Program Hons - Courses
Course Title: Optimization Techniques for Data Science
Credits: 4.0
Source Sheet: Struct_2022
Source Row: 7"
programme_structure,40,"Academic Structure: Struct_2022
Category: Program Hons - Courses
Course Title: Deep Learning
Credits: 4.0
Source Sheet: Struct_2022
Source Row: 8"
programme_structure,41,"Academic Structure: Struct_2022
Category: Hons Sp Track #1 - Applied Deep Learning - Courses
Course Title: Probabilistic Graph Models
Credits: 4.0
Source Sheet: Struct_2022
Source Row: 2"
programme_structure,42,"Academic Structure: Struct_2022
Category: Hons Sp Track #1 - Applied Deep Learning - Courses
Course Title: Advanced Visualization and Storytelling
Credits: 4.0
Source Sheet: Struct_2022
Source Row: 3"
programme_structure,43,"Academic Structure: Struct_2022
Category: Hons Sp Track #1 - Applied Deep Learning - Courses
Course Title: Natural Language Processing
Credits: 4.0
Source Sheet: Struct_2022
Source Row: 4"
programme_structure,44,"Academic Structure: Struct_2022
Category: Hons Sp Track #1 - Applied Deep Learning - Courses
Course Title: Multi Modal Learning
Credits: 4.0
Source Sheet: Struct_2022
Source Row: 5"
programme_structure,45,"Academic Structure: Struct_2022
Category: Hons Sp Track #1 - Applied Deep Learning - Courses
Course Title: Reinforcement Learning
Credits: 4.0
Source Sheet: Struct_2022
Source Row: 6"
programme_structure,46,"Academic Structure: Struct_2022
Category: Hons Sp Track #2 - Full Stack Development - Courses
Course Title: Web Framework
Credits: 4.0
Source Sheet: Struct_2022
Source Row: 2"
programme_structure,47,"Academic Structure: Struct_2022
Category: Hons Sp Track #2 - Full Stack Development - Courses
Course Title: Big Data Framework
Credits: 4.0
Source Sheet: Struct_2022
Source Row: 3"
programme_structure,48,"Academic Structure: Struct_2022
Category: Hons Sp Track #2 - Full Stack Development - Courses
Course Title: Software Architecture and Deployments
Credits: 4.0
Source Sheet: Struct_2022
Source Row: 4"
programme_structure,49,"Academic Structure: Struct_2022
Category: Hons Sp Track #2 - Full Stack Development - Courses
Course Title: Cloud Computing
Credits: 4.0
Source Sheet: Struct_2022
Source Row: 5"
programme_structure,50,"Academic Structure: Struct_2022
Category: Hons Sp Track #2 - Full Stack Development - Courses
Course Title: Cognitive Computing
Credits: 4.0
Source Sheet: Struct_2022
Source Row: 6"
programme_structure,51,"Academic Structure: Struct_2023
Category: University CORE - Courses
Course Title: Communication skills
Credits: 2.0
Source Sheet: Struct_2023
Source Row: 3"
programme_structure,52,"Academic Structure: Struct_2023
Category: University CORE - Courses
Course Title: Problem Solving with Design Thinking
Credits: 2.0
Source Sheet: Struct_2023
Source Row: 4"
programme_structure,53,"Academic Structure: Struct_2023
Category: University CORE - Courses
Course Title: Introduction to Writing
Credits: 2.0
Source Sheet: Struct_2023
Source Row: 5"
programme_structure,54,"Academic Structure: Struct_2023
Category: University CORE - Courses
Course Title: Socio Cultural Perspectives on Indian Life-SPIL
Credits: 3.0
Source Sheet: Struct_2023
Source Row: 6"
programme_structure,55,"Academic Structure: Struct_2023
Category: University CORE - Courses
Course Title: Leadership and Teamwork Skills
Credits: 2.0
Source Sheet: Struct_2023
Source Row: 7"
programme_structure,56,"Academic Structure: Struct_2023
Category: University CORE - Courses
Course Title: Learning to Learn
Credits: 2.0
Source Sheet: Struct_2023
Source Row: 8"
programme_structure,57,"Academic Structure: Struct_2023
Category: University CORE - Courses
Course Title: Critical Thinking
Credits: 2.0
Source Sheet: Struct_2023
Source Row: 9"
programme_structure,58,"Academic Structure: Struct_2023
Category: University CORE - Courses
Course Title: Introduction to Epistemology
Credits: 2.0
Source Sheet: Struct_2023
Source Row: 10"
programme_structure,59,"Academic Structure: Struct_2023
Category: University CORE - Courses
Course Title: Community Engagement and Service Experience
Credits: 1.0
Source Sheet: Struct_2023
Source Row: 11"
programme_structure,60,"Academic Structure: Struct_2023
Category: University CORE - Courses
Course Title: 2023 DS
Credits: nan
Source Sheet: Struct_2023
Source Row: 14"
programme_structure,61,"Academic Structure: Struct_2023
Category: Foundation Courses
Course Title: Academic Writing
Credits: 3.0
Source Sheet: Struct_2023
Source Row: 2"
programme_structure,62,"Academic Structure: Struct_2023
Category: Foundation Courses
Course Title: Human Values in work and Life
Credits: 2.0
Source Sheet: Struct_2023
Source Row: 3"
programme_structure,63,"Academic Structure: Struct_2023
Category: Foundation Courses
Course Title: Sustainable Cities and Communities
Credits: 3.0
Source Sheet: Struct_2023
Source Row: 4"
programme_structure,64,"Academic Structure: Struct_2023
Category: Foundation Courses
Course Title: Materials for Smart devices
Credits: 3.0
Source Sheet: Struct_2023
Source Row: 5"
programme_structure,65,"Academic Structure: Struct_2023
Category: Foundation Courses
Course Title: Sustainable Smart Materials
Credits: 3.0
Source Sheet: Struct_2023
Source Row: 6"
programme_structure,66,"Academic Structure: Struct_2023
Category: Foundation Courses
Course Title: Introduction to Psychology/Introduction to Economics
Credits: 3.0
Source Sheet: Struct_2023
Source Row: 7"
programme_structure,67,"Academic Structure: Struct_2023
Category: Foundation Courses
Course Title: Design Workshop
Credits: 2.0
Source Sheet: Struct_2023
Source Row: 8"
programme_structure,68,"Academic Structure: Struct_2023
Category: Foundation Courses
Course Title: Calculus
Credits: 3.0
Source Sheet: Struct_2023
Source Row: 9"
programme_structure,69,"Academic Structure: Struct_2023
Category: Foundation Courses
Course Title: Probability Theory
Credits: 3.0
Source Sheet: Struct_2023
Source Row: 10"
programme_structure,70,"Academic Structure: Struct_2023
Category: Foundation Courses
Course Title: Linear Algebra
Credits: 3.0
Source Sheet: Struct_2023
Source Row: 11"
programme_structure,71,"Academic Structure: Struct_2023
Category: Foundation Courses
Course Title: Visualizing Data for Story Telling
Credits: 2.0
Source Sheet: Struct_2023
Source Row: 12"
programme_structure,72,"Academic Structure: Struct_2023
Category: Foundation Courses
Course Title: Language
Credits: 3.0
Source Sheet: Struct_2023
Source Row: 13"
programme_structure,73,"Academic Structure: Struct_2023
Category: Foundation Courses
Course Title: Foundation Seminar
Credits: 1.0
Source Sheet: Struct_2023
Source Row: 14"
programme_structure,74,"Academic Structure: Struct_2023
Category: Program Core - Courses
Course Title: Research Methodology
Credits: 3.0
Source Sheet: Struct_2023
Source Row: 3"
programme_structure,75,"Academic Structure: Struct_2023
Category: Program Core - Courses
Course Title: Data Structures
Credits: 4.0
Source Sheet: Struct_2023
Source Row: 4"
programme_structure,76,"Academic Structure: Struct_2023
Category: Program Core - Courses
Course Title: Theoretical Computer Science
Credits: 4.0
Source Sheet: Struct_2023
Source Row: 5"
programme_structure,77,"Academic Structure: Struct_2023
Category: Program Core - Courses
Course Title: Analysis of Algorithms
Credits: 4.0
Source Sheet: Struct_2023
Source Row: 6"
programme_structure,78,"Academic Structure: Struct_2023
Category: Program Core - Courses
Course Title: Digital Design and Computer Organization
Credits: 4.0
Source Sheet: Struct_2023
Source Row: 7"
programme_structure,79,"Academic Structure: Struct_2023
Category: Program Core - Courses
Course Title: Object Oriented Programming
Credits: 3.0
Source Sheet: Struct_2023
Source Row: 8"
programme_structure,80,"Academic Structure: Struct_2023
Category: Program Core - Courses
Course Title: Microprocessors and Computer Architecture
Credits: 4.0
Source Sheet: Struct_2023
Source Row: 9"
programme_structure,81,"Academic Structure: Struct_2023
Category: Program Core - Courses
Course Title: Operating Systems
Credits: 3.0
Source Sheet: Struct_2023
Source Row: 10"
programme_structure,82,"Academic Structure: Struct_2023
Category: Program Core - Courses
Course Title: Networks
Credits: 4.0
Source Sheet: Struct_2023
Source Row: 11"
programme_structure,83,"Academic Structure: Struct_2023
Category: Program Core - Courses
Course Title: Databases Management
Credits: 4.0
Source Sheet: Struct_2023
Source Row: 12"
programme_structure,84,"Academic Structure: Struct_2023
Category: Program Core - Courses
Course Title: Statistics with R
Credits: 3.0
Source Sheet: Struct_2023
Source Row: 13"
programme_structure,85,"Academic Structure: Struct_2023
Category: Program Core - Courses
Course Title: Artificial Intelligence
Credits: 4.0
Source Sheet: Struct_2023
Source Row: 14"
programme_structure,86,"Academic Structure: Struct_2023
Category: Program Core - Courses
Course Title: Internet of Things
Credits: 2.0
Source Sheet: Struct_2023
Source Row: 15"
programme_structure,87,"Academic Structure: Struct_2023
Category: Program Hons - Courses
Course Title: Foundations to Data Science
Credits: 3.0
Source Sheet: Struct_2023
Source Row: 3"
programme_structure,88,"Academic Structure: Struct_2023
Category: Program Hons - Courses
Course Title: Exploratory Data Analysis
Credits: 3.0
Source Sheet: Struct_2023
Source Row: 4"
programme_structure,89,"Academic Structure: Struct_2023
Category: Program Hons - Courses
Course Title: MLOps & Model Deployment
Credits: 2.0
Source Sheet: Struct_2023
Source Row: 5"
programme_structure,90,"Academic Structure: Struct_2023
Category: Program Hons - Courses
Course Title: Machine Learning
Credits: 4.0
Source Sheet: Struct_2023
Source Row: 6"
programme_structure,91,"Academic Structure: Struct_2023
Category: Program Hons - Courses
Course Title: Optimization Techniques for Data Science
Credits: 4.0
Source Sheet: Struct_2023
Source Row: 7"
programme_structure,92,"Academic Structure: Struct_2023
Category: Program Hons - Courses
Course Title: Deep Learning
Credits: 4.0
Source Sheet: Struct_2023
Source Row: 8"
programme_structure,93,"Academic Structure: Struct_2023
Category: Hons Sp Track #1 - Applied Deep Learning - Courses
Course Title: Probabilistic Graph Models
Credits: 4.0
Source Sheet: Struct_2023
Source Row: 2"
programme_structure,94,"Academic Structure: Struct_2023
Category: Hons Sp Track #1 - Applied Deep Learning - Courses
Course Title: Advanced Topics in Deep Learning
Credits: 4.0
Source Sheet: Struct_2023
Source Row: 3"
programme_structure,95,"Academic Structure: Struct_2023
Category: Hons Sp Track #1 - Applied Deep Learning - Courses
Course Title: Natural Language Processing
Credits: 4.0
Source Sheet: Struct_2023
Source Row: 4"
programme_structure,96,"Academic Structure: Struct_2023
Category: Hons Sp Track #1 - Applied Deep Learning - Courses
Course Title: Multi Modal Learning
Credits: 4.0
Source Sheet: Struct_2023
Source Row: 5"
programme_structure,97,"Academic Structure: Struct_2023
Category: Hons Sp Track #1 - Applied Deep Learning - Courses
Course Title: Reinforcement Learning
Credits: 4.0
Source Sheet: Struct_2023
Source Row: 6"
programme_structure,98,"Academic Structure: Struct_2023
Category: Hons Sp Track #2 - Full Stack Development - Courses
Course Title: Web Framework
Credits: 4.0
Source Sheet: Struct_2023
Source Row: 2"
programme_structure,99,"Academic Structure: Struct_2023
Category: Hons Sp Track #2 - Full Stack Development - Courses
Course Title: Big Data Framework
Credits: 4.0
Source Sheet: Struct_2023
Source Row: 3"
programme_structure,100,"Academic Structure: Struct_2023
Category: Hons Sp Track #2 - Full Stack Development - Courses
Course Title: Software Architecture and Deployments
Credits: 4.0
Source Sheet: Struct_2023
Source Row: 4"
programme_structure,101,"Academic Structure: Struct_2023
Category: Hons Sp Track #2 - Full Stack Development - Courses
Course Title: Cloud &Cognitive Computing
Credits: 4.0
Source Sheet: Struct_2023
Source Row: 5"
programme_structure,102,"Academic Structure: Struct_2023
Category: Hons Sp Track #2 - Full Stack Development - Courses
Course Title: Natural Language Processing
Credits: 4.0
Source Sheet: Struct_2023
Source Row: 6"
programme_structure,103,"Academic Structure: Struct_2024
Category: University CORE - Courses
Course Title: Communication and Leadership skills
Credits: 3.0
Source Sheet: Struct_2024
Source Row: 3"
programme_structure,104,"Academic Structure: Struct_2024
Category: University CORE - Courses
Course Title: Introduction to Writing
Credits: 2.0
Source Sheet: Struct_2024
Source Row: 4"
programme_structure,105,"Academic Structure: Struct_2024
Category: University CORE - Courses
Course Title: Learning to Learn
Credits: 2.0
Source Sheet: Struct_2024
Source Row: 5"
programme_structure,106,"Academic Structure: Struct_2024
Category: University CORE - Courses
Course Title: Fundamentals of Indian Constitution and Human Rights
Credits: 2.0
Source Sheet: Struct_2024
Source Row: 6"
programme_structure,107,"Academic Structure: Struct_2024
Category: University CORE - Courses
Course Title: Critical Thinking
Credits: 3.0
Source Sheet: Struct_2024
Source Row: 7"
programme_structure,108,"Academic Structure: Struct_2024
Category: University CORE - Courses
Course Title: Problem Solving with Design Thinking
Credits: 2.0
Source Sheet: Struct_2024
Source Row: 8"
programme_structure,109,"Academic Structure: Struct_2024
Category: University CORE - Courses
Course Title: Socio Cultural Perspectives on Indian Life-SPIL
Credits: 3.0
Source Sheet: Struct_2024
Source Row: 9"
programme_structure,110,"Academic Structure: Struct_2024
Category: University CORE - Courses
Course Title: Community Engagement and Service Experience
Credits: 1.0
Source Sheet: Struct_2024
Source Row: 10"
programme_structure,111,"Academic Structure: Struct_2024
Category: University CORE - Courses
Course Title: Foundation Courses
Credits: nan
Source Sheet: Struct_2024
Source Row: 14"
programme_structure,112,"Academic Structure: Struct_2024
Category: University CORE - Courses
Course Title: Academic Writing
Credits: 2.0
Source Sheet: Struct_2024
Source Row: 15"
programme_structure,113,"Academic Structure: Struct_2024
Category: University CORE - Courses
Course Title: Introduction to Psychology/Introduction to Economics
Credits: 3.0
Source Sheet: Struct_2024
Source Row: 16"
programme_structure,114,"Academic Structure: Struct_2024
Category: University CORE - Courses
Course Title: Human Values in work and Life
Credits: 2.0
Source Sheet: Struct_2024
Source Row: 17"
programme_structure,115,"Academic Structure: Struct_2024
Category: University CORE - Courses
Course Title: Language
Credits: 3.0
Source Sheet: Struct_2024
Source Row: 18"
programme_structure,116,"Academic Structure: Struct_2024
Category: University CORE - Courses
Course Title: Sustainable Cities and Communities
Credits: 3.0
Source Sheet: Struct_2024
Source Row: 19"
programme_structure,117,"Academic Structure: Struct_2024
Category: University CORE - Courses
Course Title: Materials for Smart devices
Credits: 3.0
Source Sheet: Struct_2024
Source Row: 20"
programme_structure,118,"Academic Structure: Struct_2024
Category: University CORE - Courses
Course Title: Sustainable Smart Materials
Credits: 3.0
Source Sheet: Struct_2024
Source Row: 21"
programme_structure,119,"Academic Structure: Struct_2024
Category: University CORE - Courses
Course Title: Design Workshop
Credits: 2.0
Source Sheet: Struct_2024
Source Row: 22"
programme_structure,120,"Academic Structure: Struct_2024
Category: University CORE - Courses
Course Title: Calculus
Credits: 3.0
Source Sheet: Struct_2024
Source Row: 23"
programme_structure,121,"Academic Structure: Struct_2024
Category: University CORE - Courses
Course Title: Probability and Statistics
Credits: 4.0
Source Sheet: Struct_2024
Source Row: 24"
programme_structure,122,"Academic Structure: Struct_2024
Category: University CORE - Courses
Course Title: Linear Algebra
Credits: 3.0
Source Sheet: Struct_2024
Source Row: 25"
programme_structure,123,"Academic Structure: Struct_2024
Category: University CORE - Courses
Course Title: Cloud Computing
Credits: 3.0
Source Sheet: Struct_2024
Source Row: 26"
programme_structure,124,"Academic Structure: Struct_2024
Category: Program Core - Courses
Course Title: Data Structures
Credits: 4.0
Source Sheet: Struct_2024
Source Row: 3"
programme_structure,125,"Academic Structure: Struct_2024
Category: Program Core - Courses
Course Title: Theoretical Computer Science
Credits: 4.0
Source Sheet: Struct_2024
Source Row: 4"
programme_structure,126,"Academic Structure: Struct_2024
Category: Program Core - Courses
Course Title: Analysis of Algorithms
Credits: 4.0
Source Sheet: Struct_2024
Source Row: 5"
programme_structure,127,"Academic Structure: Struct_2024
Category: Program Core - Courses
Course Title: Digital Design and Computer Organization
Credits: 4.0
Source Sheet: Struct_2024
Source Row: 6"
programme_structure,128,"Academic Structure: Struct_2024
Category: Program Core - Courses
Course Title: Object Oriented Programming
Credits: 3.0
Source Sheet: Struct_2024
Source Row: 7"
programme_structure,129,"Academic Structure: Struct_2024
Category: Program Core - Courses
Course Title: Microprocessors and Computer Architecture
Credits: 4.0
Source Sheet: Struct_2024
Source Row: 8"
programme_structure,130,"Academic Structure: Struct_2024
Category: Program Core - Courses
Course Title: Operating Systems
Credits: 3.0
Source Sheet: Struct_2024
Source Row: 9"
programme_structure,131,"Academic Structure: Struct_2024
Category: Program Core - Courses
Course Title: Networks
Credits: 4.0
Source Sheet: Struct_2024
Source Row: 10"
programme_structure,132,"Academic Structure: Struct_2024
Category: Program Core - Courses
Course Title: Databases Management
Credits: 4.0
Source Sheet: Struct_2024
Source Row: 11"
programme_structure,133,"Academic Structure: Struct_2024
Category: Program Core - Courses
Course Title: Programming in Python
Credits: 3.0
Source Sheet: Struct_2024
Source Row: 12"
programme_structure,134,"Academic Structure: Struct_2024
Category: Program Core - Courses
Course Title: Data Visuatlization and Storytelling
Credits: 3.0
Source Sheet: Struct_2024
Source Row: 13"
programme_structure,135,"Academic Structure: Struct_2024
Category: Program Core - Courses
Course Title: Artificial Intelligence
Credits: 4.0
Source Sheet: Struct_2024
Source Row: 14"
programme_structure,136,"Academic Structure: Struct_2024
Category: Program Core - Courses
Course Title: Internet of Things
Credits: 2.0
Source Sheet: Struct_2024
Source Row: 15"
programme_structure,137,"Academic Structure: Struct_2024
Category: Program Core - Courses
Course Title: Program Hons - Courses
Credits: nan
Source Sheet: Struct_2024
Source Row: 18"
programme_structure,138,"Academic Structure: Struct_2024
Category: Program Core - Courses
Course Title: Advanced Statistical Analysis and Research Methods with R
Credits: 2.0
Source Sheet: Struct_2024
Source Row: 19"
programme_structure,139,"Academic Structure: Struct_2024
Category: Program Core - Courses
Course Title: Foundations to Data Science
Credits: 3.0
Source Sheet: Struct_2024
Source Row: 20"
programme_structure,140,"Academic Structure: Struct_2024
Category: Program Core - Courses
Course Title: Exploratory Data Analysis
Credits: 3.0
Source Sheet: Struct_2024
Source Row: 21"
programme_structure,141,"Academic Structure: Struct_2024
Category: Program Core - Courses
Course Title: Optimization Techniques for Data Science
Credits: 4.0
Source Sheet: Struct_2024
Source Row: 22"
programme_structure,142,"Academic Structure: Struct_2024
Category: Program Core - Courses
Course Title: Machine Learning
Credits: 4.0
Source Sheet: Struct_2024
Source Row: 23"
programme_structure,143,"Academic Structure: Struct_2024
Category: Program Core - Courses
Course Title: Deep Learning
Credits: 4.0
Source Sheet: Struct_2024
Source Row: 24"
programme_structure,144,"Academic Structure: Struct_2024
Category: Hons Sp Track #1 - Applied Deep Learning - Courses
Course Title: Probabilistic Graph Models
Credits: 4.0
Source Sheet: Struct_2024
Source Row: 3"
programme_structure,145,"Academic Structure: Struct_2024
Category: Hons Sp Track #1 - Applied Deep Learning - Courses
Course Title: Natural Language Processing
Credits: 4.0
Source Sheet: Struct_2024
Source Row: 4"
programme_structure,146,"Academic Structure: Struct_2024
Category: Hons Sp Track #1 - Applied Deep Learning - Courses
Course Title: Multi Modal Learning
Credits: 4.0
Source Sheet: Struct_2024
Source Row: 5"
programme_structure,147,"Academic Structure: Struct_2024
Category: Hons Sp Track #1 - Applied Deep Learning - Courses
Course Title: Reinforcement Learning
Credits: 4.0
Source Sheet: Struct_2024
Source Row: 6"
programme_structure,148,"Academic Structure: Struct_2024
Category: Hons Sp Track #1 - Applied Deep Learning - Courses
Course Title: Advanced Topics in Deep Learning
Credits: 4.0
Source Sheet: Struct_2024
Source Row: 7"
programme_structure,149,"Academic Structure: Struct_2024
Category: Hons Sp Track #1 - Applied Deep Learning - Courses
Course Title: Hons Sp Track #2 - Full Stack Development - Courses
Credits: nan
Source Sheet: Struct_2024
Source Row: 10"
programme_structure,150,"Academic Structure: Struct_2024
Category: Hons Sp Track #1 - Applied Deep Learning - Courses
Course Title: Web Framework
Credits: 4.0
Source Sheet: Struct_2024
Source Row: 11"
programme_structure,151,"Academic Structure: Struct_2024
Category: Hons Sp Track #1 - Applied Deep Learning - Courses
Course Title: Big Data Framework
Credits: 4.0
Source Sheet: Struct_2024
Source Row: 12"
programme_structure,152,"Academic Structure: Struct_2024
Category: Hons Sp Track #1 - Applied Deep Learning - Courses
Course Title: Software Architecture and Deployments
Credits: 4.0
Source Sheet: Struct_2024
Source Row: 13"
programme_structure,153,"Academic Structure: Struct_2024
Category: Hons Sp Track #1 - Applied Deep Learning - Courses
Course Title: Reinforcement Learning
Credits: 4.0
Source Sheet: Struct_2024
Source Row: 14"
programme_structure,154,"Academic Structure: Struct_2024
Category: Hons Sp Track #1 - Applied Deep Learning - Courses
Course Title: Natural Language Processing
Credits: 4.0
Source Sheet: Struct_2024
Source Row: 15"
programme_structure,155,"Academic Structure: Struct_2024
Category: Hons Sp Track #1 - Applied Deep Learning - Courses
Course Title: Internship and Capstone Project- Courses
Credits: nan
Source Sheet: Struct_2024
Source Row: 18"
programme_structure,156,"Academic Structure: Struct_2024
Category: Hons Sp Track #1 - Applied Deep Learning - Courses
Course Title: Summe Training/Internship
Credits: 2.0
Source Sheet: Struct_2024
Source Row: 20"
programme_structure,157,"Academic Structure: Struct_2024
Category: Hons Sp Track #1 - Applied Deep Learning - Courses
Course Title: Interdisciplinary Project
Credits: 4.0
Source Sheet: Struct_2024
Source Row: 21"
programme_structure,158,"Academic Structure: Struct_2024
Category: Hons Sp Track #1 - Applied Deep Learning - Courses
Course Title: Capstone Project/Industrial Internship
Credits: 12.0
Source Sheet: Struct_2024
Source Row: 22"
programme_structure,159,"Academic Structure: Struct_2025
Category: University CORE - Courses
Course Title: Communication Skills
Credits: 2.0
Source Sheet: Struct_2025
Source Row: 3"
programme_structure,160,"Academic Structure: Struct_2025
Category: University CORE - Courses
Course Title: Human Values in work and Life
Credits: 2.0
Source Sheet: Struct_2025
Source Row: 4"
programme_structure,161,"Academic Structure: Struct_2025
Category: University CORE - Courses
Course Title: Learning to Learn
Credits: 2.0
Source Sheet: Struct_2025
Source Row: 5"
programme_structure,162,"Academic Structure: Struct_2025
Category: University CORE - Courses
Course Title: Environmental Studies and Sustainability
Credits: 2.0
Source Sheet: Struct_2025
Source Row: 6"
programme_structure,163,"Academic Structure: Struct_2025
Category: University CORE - Courses
Course Title: Fundamentals of Indian Constitution and Human Rights
Credits: 2.0
Source Sheet: Struct_2025
Source Row: 7"
programme_structure,164,"Academic Structure: Struct_2025
Category: University CORE - Courses
Course Title: Community Engagement and Service Experience
Credits: 1.0
Source Sheet: Struct_2025
Source Row: 8"
programme_structure,165,"Academic Structure: Struct_2025
Category: University CORE - Courses
Course Title: Socio-Cultural Perspectives on Indian Life-SPIL
Credits: 3.0
Source Sheet: Struct_2025
Source Row: 9"
programme_structure,166,"Academic Structure: Struct_2025
Category: University CORE - Courses
Course Title: Humanistic Leadership Development
Credits: 2.0
Source Sheet: Struct_2025
Source Row: 10"
programme_structure,167,"Academic Structure: Struct_2025
Category: University CORE - Courses
Course Title: Analytical Academic Writing
Credits: 3.0
Source Sheet: Struct_2025
Source Row: 11"
programme_structure,168,"Academic Structure: Struct_2025
Category: University CORE - Courses
Course Title: Critical Thinking
Credits: 3.0
Source Sheet: Struct_2025
Source Row: 12"
programme_structure,169,"Academic Structure: Struct_2025
Category: University CORE - Courses
Course Title: Problem Solving for Design Thinking
Credits: 2.0
Source Sheet: Struct_2025
Source Row: 13"
programme_structure,170,"Academic Structure: Struct_2025
Category: University CORE - Courses
Course Title: Foundation Courses
Credits: nan
Source Sheet: Struct_2025
Source Row: 16"
programme_structure,171,"Academic Structure: Struct_2025
Category: University CORE - Courses
Course Title: Language
Credits: 2.0
Source Sheet: Struct_2025
Source Row: 17"
programme_structure,172,"Academic Structure: Struct_2025
Category: University CORE - Courses
Course Title: Materials for Smart devices
Credits: 3.0
Source Sheet: Struct_2025
Source Row: 18"
programme_structure,173,"Academic Structure: Struct_2025
Category: University CORE - Courses
Course Title: Sustainable Smart Materials
Credits: 3.0
Source Sheet: Struct_2025
Source Row: 19"
programme_structure,174,"Academic Structure: Struct_2025
Category: University CORE - Courses
Course Title: Design Workshop
Credits: 2.0
Source Sheet: Struct_2025
Source Row: 20"
programme_structure,175,"Academic Structure: Struct_2025
Category: University CORE - Courses
Course Title: Multivariate Calculus
Credits: 4.0
Source Sheet: Struct_2025
Source Row: 21"
programme_structure,176,"Academic Structure: Struct_2025
Category: University CORE - Courses
Course Title: Probability and Statistics
Credits: 4.0
Source Sheet: Struct_2025
Source Row: 22"
programme_structure,177,"Academic Structure: Struct_2025
Category: University CORE - Courses
Course Title: Linear Algebra
Credits: 4.0
Source Sheet: Struct_2025
Source Row: 23"
programme_structure,178,"Academic Structure: Struct_2025
Category: University CORE - Courses
Course Title: Advanced Statistical Analysis and Research Methods with R
Credits: 2.0
Source Sheet: Struct_2025
Source Row: 24"
programme_structure,179,"Academic Structure: Struct_2025
Category: Program Core - Courses
Course Title: Data Structures
Credits: 4.0
Source Sheet: Struct_2025
Source Row: 3"
programme_structure,180,"Academic Structure: Struct_2025
Category: Program Core - Courses
Course Title: Theoretical Computer Science
Credits: 4.0
Source Sheet: Struct_2025
Source Row: 4"
programme_structure,181,"Academic Structure: Struct_2025
Category: Program Core - Courses
Course Title: Analysis of Algorithms
Credits: 4.0
Source Sheet: Struct_2025
Source Row: 5"
programme_structure,182,"Academic Structure: Struct_2025
Category: Program Core - Courses
Course Title: Digital Design and Computer Organization
Credits: 4.0
Source Sheet: Struct_2025
Source Row: 6"
programme_structure,183,"Academic Structure: Struct_2025
Category: Program Core - Courses
Course Title: Object Oriented Programming
Credits: 3.0
Source Sheet: Struct_2025
Source Row: 7"
programme_structure,184,"Academic Structure: Struct_2025
Category: Program Core - Courses
Course Title: Microprocessors and Computer Architecture
Credits: 4.0
Source Sheet: Struct_2025
Source Row: 8"
programme_structure,185,"Academic Structure: Struct_2025
Category: Program Core - Courses
Course Title: Operating Systems
Credits: 3.0
Source Sheet: Struct_2025
Source Row: 9"
programme_structure,186,"Academic Structure: Struct_2025
Category: Program Core - Courses
Course Title: Networks
Credits: 4.0
Source Sheet: Struct_2025
Source Row: 10"
programme_structure,187,"Academic Structure: Struct_2025
Category: Program Core - Courses
Course Title: Databases Management
Credits: 4.0
Source Sheet: Struct_2025
Source Row: 11"
programme_structure,188,"Academic Structure: Struct_2025
Category: Program Core - Courses
Course Title: Programming in Python
Credits: 3.0
Source Sheet: Struct_2025
Source Row: 12"
programme_structure,189,"Academic Structure: Struct_2025
Category: Program Core - Courses
Course Title: Data Visuatlization and Storytelling
Credits: 3.0
Source Sheet: Struct_2025
Source Row: 13"
programme_structure,190,"Academic Structure: Struct_2025
Category: Program Core - Courses
Course Title: Artificial Intelligence
Credits: 4.0
Source Sheet: Struct_2025
Source Row: 14"
programme_structure,191,"Academic Structure: Struct_2025
Category: Program Core - Courses
Course Title: Internet of Things
Credits: 2.0
Source Sheet: Struct_2025
Source Row: 15"
programme_structure,192,"Academic Structure: Struct_2025
Category: Program Core - Courses
Course Title: Program Hons - Courses
Credits: nan
Source Sheet: Struct_2025
Source Row: 18"
programme_structure,193,"Academic Structure: Struct_2025
Category: Program Core - Courses
Course Title: Advanced Exploratory Data Analysis
Credits: 4.0
Source Sheet: Struct_2025
Source Row: 19"
programme_structure,194,"Academic Structure: Struct_2025
Category: Program Core - Courses
Course Title: Optimization Techniques for Data Science
Credits: 4.0
Source Sheet: Struct_2025
Source Row: 20"
programme_structure,195,"Academic Structure: Struct_2025
Category: Program Core - Courses
Course Title: Machine Learning
Credits: 4.0
Source Sheet: Struct_2025
Source Row: 21"
programme_structure,196,"Academic Structure: Struct_2025
Category: Program Core - Courses
Course Title: Deep Learning
Credits: 4.0
Source Sheet: Struct_2025
Source Row: 22"
programme_structure,197,"Academic Structure: Struct_2025
Category: Program Core - Courses
Course Title: Natural Language Processing
Credits: 4.0
Source Sheet: Struct_2025
Source Row: 23"
programme_structure,198,"Academic Structure: Struct_2025
Category: Hons Sp Track #1 - Applied Deep Learning - Courses
Course Title: Probabilistic Graph Models
Credits: 4.0
Source Sheet: Struct_2025
Source Row: 3"
programme_structure,199,"Academic Structure: Struct_2025
Category: Hons Sp Track #1 - Applied Deep Learning - Courses
Course Title: Advanced Topics in Deep Learning
Credits: 4.0
Source Sheet: Struct_2025
Source Row: 4"
programme_structure,200,"Academic Structure: Struct_2025
Category: Hons Sp Track #1 - Applied Deep Learning - Courses
Course Title: Image Processing and Computer Vision
Credits: 4.0
Source Sheet: Struct_2025
Source Row: 5"
programme_structure,201,"Academic Structure: Struct_2025
Category: Hons Sp Track #1 - Applied Deep Learning - Courses
Course Title: Multi Modal Learning
Credits: 4.0
Source Sheet: Struct_2025
Source Row: 6"
programme_structure,202,"Academic Structure: Struct_2025
Category: Hons Sp Track #1 - Applied Deep Learning - Courses
Course Title: Reinforcement Learning
Credits: 4.0
Source Sheet: Struct_2025
Source Row: 7"
programme_structure,203,"Academic Structure: Struct_2025
Category: Hons Sp Track #1 - Applied Deep Learning - Courses
Course Title: Hons Sp Track #2 - Full Stack Development - Courses
Credits: nan
Source Sheet: Struct_2025
Source Row: 10"
programme_structure,204,"Academic Structure: Struct_2025
Category: Hons Sp Track #1 - Applied Deep Learning - Courses
Course Title: Web Framework
Credits: 4.0
Source Sheet: Struct_2025
Source Row: 11"
programme_structure,205,"Academic Structure: Struct_2025
Category: Hons Sp Track #1 - Applied Deep Learning - Courses
Course Title: Big Data Framework
Credits: 4.0
Source Sheet: Struct_2025
Source Row: 12"
programme_structure,206,"Academic Structure: Struct_2025
Category: Hons Sp Track #1 - Applied Deep Learning - Courses
Course Title: Software Architecture and Deployments
Credits: 4.0
Source Sheet: Struct_2025
Source Row: 13"
programme_structure,207,"Academic Structure: Struct_2025
Category: Hons Sp Track #1 - Applied Deep Learning - Courses
Course Title: Cloud & Cognitive Computing
Credits: 4.0
Source Sheet: Struct_2025
Source Row: 14"
programme_structure,208,"Academic Structure: Struct_2025
Category: Hons Sp Track #1 - Applied Deep Learning - Courses
Course Title: Reinforcement Learning
Credits: 4.0
Source Sheet: Struct_2025
Source Row: 15"
programme_structure,209,"Academic Structure: Struct_2025
Category: Hons Sp Track #1 - Applied Deep Learning - Courses
Course Title: Internship and Capstone Project- Courses
Credits: nan
Source Sheet: Struct_2025
Source Row: 18"
programme_structure,210,"Academic Structure: Struct_2025
Category: Hons Sp Track #1 - Applied Deep Learning - Courses
Course Title: Summe Training/Internship
Credits: 2.0
Source Sheet: Struct_2025
Source Row: 20"
programme_structure,211,"Academic Structure: Struct_2025
Category: Hons Sp Track #1 - Applied Deep Learning - Courses
Course Title: Capstone Project/Industrial Internship
Credits: 12.0
Source Sheet: Struct_2025
Source Row: 21"
programme_structure,212,"Academic Structure: Struct_2025
Category: Hons Sp Track #1 - Applied Deep Learning - Courses
Course Title: Essentials of Business Management
Credits: 2.0
Source Sheet: Struct_2025
Source Row: 26"
programme_structure,213,"Academic Structure: Struct_2025
Category: Hons Sp Track #1 - Applied Deep Learning - Courses
Course Title: Intro to Psychology /Principles of Economics
Credits: 2.0
Source Sheet: Struct_2025
Source Row: 27"
programme_structure,214,"Academic Structure: Struct_2025
Category: Hons Sp Track #1 - Applied Deep Learning - Courses
Course Title: 6 Courses of 4 credits each
Credits: 24.0
Source Sheet: Struct_2025
Source Row: 28"
programme_structure,215,"Academic Structure: Struct_2025
Category: Hons Sp Track #1 - Applied Deep Learning - Courses
Course Title: Interdesciplinary Project
Credits: 4.0
Source Sheet: Struct_2025
Source Row: 29"
programme_structure,216,"Academic Structure: Struct_2026_DS
Category: University CORE - Courses
Course Title: Communication Skills
Credits: 3.0
Source Sheet: Struct_2026_DS
Source Row: 3"
programme_structure,217,"Academic Structure: Struct_2026_DS
Category: University CORE - Courses
Course Title: Learning to Learn
Credits: 2.0
Source Sheet: Struct_2026_DS
Source Row: 4"
programme_structure,218,"Academic Structure: Struct_2026_DS
Category: University CORE - Courses
Course Title: Environmental Studies and Sustainability
Credits: 2.0
Source Sheet: Struct_2026_DS
Source Row: 5"
programme_structure,219,"Academic Structure: Struct_2026_DS
Category: University CORE - Courses
Course Title: Fundamentals of Indian Constitution and Human Rights
Credits: 2.0
Source Sheet: Struct_2026_DS
Source Row: 6"
programme_structure,220,"Academic Structure: Struct_2026_DS
Category: University CORE - Courses
Course Title: Community Engagement
Credits: 1.0
Source Sheet: Struct_2026_DS
Source Row: 7"
programme_structure,221,"Academic Structure: Struct_2026_DS
Category: University CORE - Courses
Course Title: Socio-Cultural Perspectives on Indian Life-SPIL
Credits: 3.0
Source Sheet: Struct_2026_DS
Source Row: 8"
programme_structure,222,"Academic Structure: Struct_2026_DS
Category: University CORE - Courses
Course Title: Critical Thinking
Credits: 3.0
Source Sheet: Struct_2026_DS
Source Row: 9"
programme_structure,223,"Academic Structure: Struct_2026_DS
Category: University CORE - Courses
Course Title: Problem Solving for Design Thinking
Credits: 2.0
Source Sheet: Struct_2026_DS
Source Row: 10"
programme_structure,224,"Academic Structure: Struct_2026_DS
Category: University CORE - Courses
Course Title: Foundation Courses
Credits: nan
Source Sheet: Struct_2026_DS
Source Row: 13"
programme_structure,225,"Academic Structure: Struct_2026_DS
Category: University CORE - Courses
Course Title: Language
Credits: 2.0
Source Sheet: Struct_2026_DS
Source Row: 14"
programme_structure,226,"Academic Structure: Struct_2026_DS
Category: University CORE - Courses
Course Title: Materials for Smart devices
Credits: 3.0
Source Sheet: Struct_2026_DS
Source Row: 15"
programme_structure,227,"Academic Structure: Struct_2026_DS
Category: University CORE - Courses
Course Title: Sustainable Smart Materials
Credits: 3.0
Source Sheet: Struct_2026_DS
Source Row: 16"
programme_structure,228,"Academic Structure: Struct_2026_DS
Category: University CORE - Courses
Course Title: Design Workshop
Credits: 3.0
Source Sheet: Struct_2026_DS
Source Row: 17"
programme_structure,229,"Academic Structure: Struct_2026_DS
Category: University CORE - Courses
Course Title: Multivariate Calculus
Credits: 4.0
Source Sheet: Struct_2026_DS
Source Row: 18"
programme_structure,230,"Academic Structure: Struct_2026_DS
Category: University CORE - Courses
Course Title: Probability and Statistics
Credits: 4.0
Source Sheet: Struct_2026_DS
Source Row: 19"
programme_structure,231,"Academic Structure: Struct_2026_DS
Category: University CORE - Courses
Course Title: Linear Algebra
Credits: 4.0
Source Sheet: Struct_2026_DS
Source Row: 20"
programme_structure,232,"Academic Structure: Struct_2026_DS
Category: University CORE - Courses
Course Title: Advanced Statistical Analysis and Research Methods
Credits: 3.0
Source Sheet: Struct_2026_DS
Source Row: 21"
programme_structure,233,"Academic Structure: Struct_2026_DS
Category: Program Core - Courses
Course Title: Data Structures
Credits: 4.0
Source Sheet: Struct_2026_DS
Source Row: 3"
programme_structure,234,"Academic Structure: Struct_2026_DS
Category: Program Core - Courses
Course Title: Theoretical Computer Science
Credits: 4.0
Source Sheet: Struct_2026_DS
Source Row: 4"
programme_structure,235,"Academic Structure: Struct_2026_DS
Category: Program Core - Courses
Course Title: Analysis of Algorithms
Credits: 4.0
Source Sheet: Struct_2026_DS
Source Row: 5"
programme_structure,236,"Academic Structure: Struct_2026_DS
Category: Program Core - Courses
Course Title: Digital Design and Computer Organization
Credits: 4.0
Source Sheet: Struct_2026_DS
Source Row: 6"
programme_structure,237,"Academic Structure: Struct_2026_DS
Category: Program Core - Courses
Course Title: Object Oriented Programming
Credits: 3.0
Source Sheet: Struct_2026_DS
Source Row: 7"
programme_structure,238,"Academic Structure: Struct_2026_DS
Category: Program Core - Courses
Course Title: Microprocessors and Computer Architecture
Credits: 4.0
Source Sheet: Struct_2026_DS
Source Row: 8"
programme_structure,239,"Academic Structure: Struct_2026_DS
Category: Program Core - Courses
Course Title: Operating Systems
Credits: 4.0
Source Sheet: Struct_2026_DS
Source Row: 9"
programme_structure,240,"Academic Structure: Struct_2026_DS
Category: Program Core - Courses
Course Title: Networks
Credits: 4.0
Source Sheet: Struct_2026_DS
Source Row: 10"
programme_structure,241,"Academic Structure: Struct_2026_DS
Category: Program Core - Courses
Course Title: Databases Management
Credits: 4.0
Source Sheet: Struct_2026_DS
Source Row: 11"
programme_structure,242,"Academic Structure: Struct_2026_DS
Category: Program Core - Courses
Course Title: Programming in Python
Credits: 3.0
Source Sheet: Struct_2026_DS
Source Row: 12"
programme_structure,243,"Academic Structure: Struct_2026_DS
Category: Program Core - Courses
Course Title: Data Visuatlization and Storytelling
Credits: 3.0
Source Sheet: Struct_2026_DS
Source Row: 13"
programme_structure,244,"Academic Structure: Struct_2026_DS
Category: Program Core - Courses
Course Title: Artificial Intelligence
Credits: 4.0
Source Sheet: Struct_2026_DS
Source Row: 14"
programme_structure,245,"Academic Structure: Struct_2026_DS
Category: Program Core - Courses
Course Title: Internet of Things
Credits: 2.0
Source Sheet: Struct_2026_DS
Source Row: 15"
programme_structure,246,"Academic Structure: Struct_2026_DS
Category: Program Core - Courses
Course Title: Compiler Design
Credits: 3.0
Source Sheet: Struct_2026_DS
Source Row: 16"
programme_structure,247,"Academic Structure: Struct_2026_DS
Category: Program Core - Courses
Course Title: Program Hons - Courses
Credits: nan
Source Sheet: Struct_2026_DS
Source Row: 19"
programme_structure,248,"Academic Structure: Struct_2026_DS
Category: Program Core - Courses
Course Title: Advanced Exploratory Data Analysis
Credits: 4.0
Source Sheet: Struct_2026_DS
Source Row: 20"
programme_structure,249,"Academic Structure: Struct_2026_DS
Category: Program Core - Courses
Course Title: Optimization Techniques for Data Science
Credits: 4.0
Source Sheet: Struct_2026_DS
Source Row: 21"
programme_structure,250,"Academic Structure: Struct_2026_DS
Category: Program Core - Courses
Course Title: Machine Learning
Credits: 4.0
Source Sheet: Struct_2026_DS
Source Row: 22"
programme_structure,251,"Academic Structure: Struct_2026_DS
Category: Program Core - Courses
Course Title: Deep Learning
Credits: 4.0
Source Sheet: Struct_2026_DS
Source Row: 23"
programme_structure,252,"Academic Structure: Struct_2026_DS
Category: Program Core - Courses
Course Title: Natural Language Processing
Credits: 4.0
Source Sheet: Struct_2026_DS
Source Row: 24"
programme_structure,253,"Academic Structure: Struct_2026_DS
Category: Electives
Course Title: Probabilistic Graph Models
Credits: 4.0
Source Sheet: Struct_2026_DS
Source Row: 3"
programme_structure,254,"Academic Structure: Struct_2026_DS
Category: Electives
Course Title: Advanced Topics in Deep Learning
Credits: 4.0
Source Sheet: Struct_2026_DS
Source Row: 4"
programme_structure,255,"Academic Structure: Struct_2026_DS
Category: Electives
Course Title: Cloud & Cognitive Computing
Credits: 4.0
Source Sheet: Struct_2026_DS
Source Row: 5"
programme_structure,256,"Academic Structure: Struct_2026_DS
Category: Electives
Course Title: Multi Modal Learning
Credits: 4.0
Source Sheet: Struct_2026_DS
Source Row: 6"
programme_structure,257,"Academic Structure: Struct_2026_DS
Category: Electives
Course Title: Reinforcement Learning
Credits: 4.0
Source Sheet: Struct_2026_DS
Source Row: 7"
programme_structure,258,"Academic Structure: Struct_2026_DS
Category: Electives
Course Title: Web Framework
Credits: 4.0
Source Sheet: Struct_2026_DS
Source Row: 8"
programme_structure,259,"Academic Structure: Struct_2026_DS
Category: Electives
Course Title: Big Data Framework
Credits: 4.0
Source Sheet: Struct_2026_DS
Source Row: 9"
programme_structure,260,"Academic Structure: Struct_2026_DS
Category: Electives
Course Title: Software Architecture and Deployments
Credits: 4.0
Source Sheet: Struct_2026_DS
Source Row: 10"
programme_structure,261,"Academic Structure: Struct_2026_DS
Category: Electives
Course Title: Internship and Capstone Project- Courses
Credits: nan
Source Sheet: Struct_2026_DS
Source Row: 13"
programme_structure,262,"Academic Structure: Struct_2026_DS
Category: Electives
Course Title: Summe Training/Internship
Credits: 2.0
Source Sheet: Struct_2026_DS
Source Row: 15"
programme_structure,263,"Academic Structure: Struct_2026_DS
Category: Electives
Course Title: Capstone Project/Industrial Internship
Credits: 12.0
Source Sheet: Struct_2026_DS
Source Row: 16"
programme_structure,264,"Academic Structure: Struct_2026_DS
Category: Electives
Course Title: Essentials of Business Management
Credits: 2.0
Source Sheet: Struct_2026_DS
Source Row: 20"
programme_structure,265,"Academic Structure: Struct_2026_DS
Category: Electives
Course Title: Intro to Psychology /Principles of Economics
Credits: 2.0
Source Sheet: Struct_2026_DS
Source Row: 21"
programme_structure,266,"Academic Structure: Struct_2026_DS
Category: Electives
Course Title: 6 Courses of 4 credits each
Credits: 24.0
Source Sheet: Struct_2026_DS
Source Row: 22"
programme_structure,267,"Academic Structure: Struct_2026_DS
Category: Electives
Course Title: Interdesciplinary Project
Credits: 4.0
Source Sheet: Struct_2026_DS
Source Row: 23"
degree_requirement,0,"Academic Structure: Struct_2024
Component: University Core
Required Credits: 18
Source Row: 3"
degree_requirement,1,"Academic Structure: Struct_2024
Component: Foundation
Required Credits: 34
Source Row: 4"
degree_requirement,2,"Academic Structure: Struct_2024
Component: Program Core
Required Credits: 46
Source Row: 5"
degree_requirement,3,"Academic Structure: Struct_2024
Component: Program Honors
Required Credits: 20
Source Row: 6"
degree_requirement,4,"Academic Structure: Struct_2024
Component: Specialization Tracks
Required Credits: 20
Source Row: 7"
degree_requirement,5,"Academic Structure: Struct_2024
Component: Minor/Open
Required Credits: 24
Source Row: 8"
degree_requirement,6,"Academic Structure: Struct_2024
Component: Internship/Capstone Project
Required Credits: 18
Source Row: 9"
degree_requirement,7,"Academic Structure: Struct_2024
Component: Total Credits
Required Credits: 180
Source Row: 10"
degree_requirement,8,"Academic Structure: Struct_2025
Component: University Core
Required Credits: 24
Source Row: 3"
degree_requirement,9,"Academic Structure: Struct_2025
Component: Foundation
Required Credits: 24
Source Row: 4"
degree_requirement,10,"Academic Structure: Struct_2025
Component: Program Core
Required Credits: 46
Source Row: 5"
degree_requirement,11,"Academic Structure: Struct_2025
Component: Program Honors
Required Credits: 20
Source Row: 6"
degree_requirement,12,"Academic Structure: Struct_2025
Component: Specialization Tracks
Required Credits: 20
Source Row: 7"
degree_requirement,13,"Academic Structure: Struct_2025
Component: Minor/Open
Required Credits: 32
Source Row: 8"
degree_requirement,14,"Academic Structure: Struct_2025
Component: Internship/Capstone Project
Required Credits: 14
Source Row: 9"
degree_requirement,15,"Academic Structure: Struct_2025
Component: Total Credits
Required Credits: 180
Source Row: 10"
degree_requirement,16,"Academic Structure: Struct_2026_DS
Component: University Core
Required Credits: 18
Source Row: 3"
degree_requirement,17,"Academic Structure: Struct_2026_DS
Component: Foundation
Required Credits: 26
Source Row: 4"
degree_requirement,18,"Academic Structure: Struct_2026_DS
Component: Program Core
Required Credits: 50
Source Row: 5"
degree_requirement,19,"Academic Structure: Struct_2026_DS
Component: Program Honors
Required Credits: 20
Source Row: 6"
degree_requirement,20,"Academic Structure: Struct_2026_DS
Component: Electives
Required Credits: 20
Source Row: 7"
degree_requirement,21,"Academic Structure: Struct_2026_DS
Component: Minor/Open
Required Credits: 32
Source Row: 8"
degree_requirement,22,"Academic Structure: Struct_2026_DS
Component: Internship/Capstone Project
Required Credits: 14
Source Row: 9"
degree_requirement,23,"Academic Structure: Struct_2026_DS
Component: Total Credits
Required Credits: 180
Source Row: 10"
